Workbook

Sheet 选修课表清单
A1: 编号 | B1: 课程名称 | C1: 授课老师 | D1: email | E1: 上课星期 | F1: 上课地点 | G1: 承诺书需要 | H1: 上课人数 | I1: 承诺书发放 | J1: 上课天数 | K1: 上课日期→
A2: 1 | B2: 高一美术 | C2: 刘鸿杰 | D2: ecchhs049@chhsban.edu.my | E2: Monday / 15:40~16:50 | F2: 美术室 | G2: TRUE | H2: ='高一美术-刘鸿杰师'!L3 -> 34 | I2: TRUE | J2: 2 | K2: 19/1 | L2: 2/3
A3: 2 | B3: U1A音乐 | C3: 李甄琳 | D3: ecchhs379@chhsban.edu.my | E3: Thursday / 14:30~15:40 | F3: 音乐室 | H3: ='U1A 音乐-李甄琳'!L3 -> 14 | J3: 8 | K3: 22/1 | L3: 29/1 | M3: 2/12 | N3: 26/2 | O3: 3/4 | P3: 4/9 | Q3: 11/6 | R3: 9/7
A4: 3 | B4: U1A美术 | C4: 陈彩韵 | D4: ecchhs236@chhsban.edu.my | E4: Thursday / 14:30~15:40 | F4: A406 | H4: ='U1A 美术-陈彩韵'!L3 -> 16 | J4: 2 | K4: 22/1 | L4: 29/1
A5: 4 | B5: 高一华文文学 | C5: 曾奂焜 | D5: ecchhs016@chhsban.edu.my | E5: Tuesday / 16:15~16:50 & Thursday / 15:40~16:50 | F5: A307 | G5: TRUE | H5: ='高一华文文学 曾奂焜'!L3 -> 28 | I5: TRUE | J5: 32 | K5: 20/1 | L5: 22/1 | M5: 27/1 | N5: 29/1 | O5: 3/2 | P5: 5/2 | Q5: 10/2 | R5: 12/2 | S5: 24/2 | T5: 26/2 | U5: 3/3 | V5: 5/3 | W5: 31/3 | X5: 2/4 | Y5: 7/4 | Z5: 9/4 | AA5: 14/4 | AB5: 16/4 | AC5: 21/4 | AD5: 23/4 | AE5: 28/4 | AF5: 30/4 | AG5: 5/5 | AH5: 7/5 | AI5: 12/5 | AJ5: 9/6 | AK5: 11/6 | AL5: 25/6 | AM5: 30/6 | AN5: 2/7 | AO5: 9/7 | AP5: 14/7
A6: 5 | B6: 高二华文文学 | C6: 陈静贤 | D6: ecchhs338@chhsban.edu.my | E6: Tuesday / 16:15~16:50 & Friday / 15:40~16:50 | F6: A308 | G6: TRUE | H6: ='高二华文文学-陈静贤'!L3 -> 21 | I6: TRUE | J6: 4 | K6: 20/1 | L6: 23/1 | M6: 27/1 | N6: 30/1
A7: 6 | B7: 高二美术 | C7: 刘鸿杰 | D7: ecchhs049@chhsban.edu.my | E7: Thursday / 15:40~16:50 | F7: 美术室 | G7: TRUE | H7: ='高二美术-刘鸿杰师'!L3 -> 41 | I7: TRUE | J7: 5 | K7: 22/1 | L7: 29/1 | M7: 12/2 | N7: 26/2 | O7: 5/3
A8: 7 | B8: 高一 ADDMath | C8: 温添发 | D8: ecchhs059@chhsban.edu.my | E8: Tuesday / 16:15~17:25 & Wednesday 16:15~17:25 | F8: A301 | G8: TRUE | H8: ='高一 SPM AddMath 温添发'!L3 -> 32 | I8: TRUE | J8: 14 | K8: 20/1 | L8: 21/1 | M8: 27/1 | N8: 28/1 | O8: 3/2 | P8: 4/2 | Q8: 10/2 | R8: 11/2 | S8: 24/2 | T8: 25/2 | U8: 3/3 | V8: 4/3 | W8: 31/3 | X8: 1/4
A9: 8 | B9: 高二 ADDMath | C9: 萧子良 | D9: ecchhs024@chhsban.edu.my | E9: Monday / 15:40 ~ 16:50 & Wednesday 16:15~16:50 | F9: A303 | G9: TRUE | H9: ='高二 SPM AddMath 萧子良'!L3 -> 19 | I9: TRUE | J9: 27 | K9: 19/1 | L9: 21/1 | M9: 26/1 | N9: 28/1 | O9: 4/2 | P9: 23/2 | Q9: 25/2 | R9: 2/3 | S9: 4/3 | T9: 30/3 | U9: 1/4 | V9: 4/4 | W9: 8/4 | X9: 13/4 | Y9: 15/4 | Z9: 20/4 | AA9: 22/4 | AB9: 27/4 | AC9: 29/4 | AD9: 4/5 | AE9: 6/5 | AF9: 11/5 | AG9: 8/6 | AH9: 10/6 | AI9: 24/6 | AJ9: 29/6 | AK9: 1/7
A10: 9 | B10: U2A美术 | C10: 刘鸿杰 | D10: ecchhs049@chhsban.edu.my | E10: Wednesday / 14:30~15:40 | F10: A405 | H10: ='U2A美术-刘鸿杰'!L3 -> 16 | J10: 5 | K10: 21/1 | L10: 28/1 | M10: 11/2 | N10: 25/2 | O10: 4/3
A11: 10 | B11: U2A音乐 | C11: 黄妍薇 | D11: ecchhs287@chhsban.edu.my | E11: Wednesday / 14:30~15:40 | F11: 音乐室 | H11: ='U2A音乐-黄妍薇'!L3 -> 15 | J11: 0
A12: 11 | B12: S3A电脑 | C12: 吴丽丽 | D12: lilychhs@chhsban.edu.my | E12: Friday / 11:15~12:25 | F12: 电脑教室 | H12: ='S3A电脑 吴丽丽'!L3 -> 11 | J12: 16 | K12: 23/1 | L12: 30/1 | M12: 27/2 | N12: 6/3 | O12: 4/3 | P12: 10/4 | Q12: 17/4 | R12: 24/4 | S12: 8/5 | T12: 11/6 | U12: 19/6 | V12: 26/6 | W12: 3/7 | X12: 10/7 | Y12: 17/7 | Z12: 24/7
A13: 12 | B13: S3B电脑 | C13: 吴丽丽 | D13: lilychhs@chhsban.edu.my | E13: Friday / 11:15~12:25 | F13: 电脑教室 | H13: ='S3B电脑 吴丽丽'!L3 -> 7 | J13: 16 | K13: 23/1 | L13: 30/1 | M13: 27/2 | N13: 6/3 | O13: 3/4 | P13: 10/4 | Q13: 17/4 | R13: 24/4 | S13: 8/5 | T13: 12/6 | U13: 19/6 | V13: 26/6 | W13: 3/7 | X13: 10/7 | Y13: 17/7 | Z13: 24/7
A14: 13 | B14: C3A电脑 | C14: 吴丽丽 | D14: lilychhs@chhsban.edu.my | E14: Tuesday / 15:05~15:40 & Monday / 10:05~11:15 | F14: 电脑教室 | H14: ='C3A电脑 吴丽丽'!L3 -> 9 | J14: 34 | K14: 19/1 | L14: 20/1 | M14: 26/1 | N14: 27/1 | O14: 3/2 | P14: 24/2 | Q14: 2/3 | R14: 3/3 | S14: 9/3 | T14: 6/4 | U14: 7/4 | V14: 13/4 | W14: 14/4 | X14: 20/4 | Y14: 21/4 | Z14: 27/4 | AA14: 28/4 | AB14: 4/5 | AC14: 5/5 | AD14: 12/5 | AE14: 8/6 | AF14: 9/6 | AG14: 15/6 | AH14: 16/6 | AI14: 22/6 | AJ14: 29/6 | AK14: 30/6 | AL14: 13/7 | AM14: 14/7 | AN14: 20/7 | AO14: 21/7 | AP14: 27/7 | AQ14: 4/8 | AR14: 6/8
A15: 14 | B15: C3B电脑 | C15: 吴丽丽 | D15: lilychhs@chhsban.edu.my | E15: Tuesday / 15:05~15:40 & Monday / 10:05~11:15 | F15: 电脑教室 | H15: ='C3B电脑 吴丽丽'!L3 -> 11 | J15: 32 | K15: 19/1 | L15: 20/1 | M15: 26/1 | N15: 27/1 | O15: 2/2 | P15: 24/2 | Q15: 2/3 | R15: 3/3 | S15: 9/3 | T15: 6/4 | U15: 7/4 | V15: 13/4 | W15: 14/4 | X15: 20/4 | Y15: 21/4 | Z15: 27/428/4 | AA15: 4/5 | AB15: 5/5 | AC15: 8/6 | AD15: 9/6 | AE15: 15/6 | AF15: 15/6 | AG15: 22/6 | AH15: 29/6 | AI15: 30/6 | AJ15: 13/7 | AK15: 14/7 | AL15: 20/7 | AM15: 21/7 | AN15: 27/7 | AO15: 4/8 | AP15: 6/8
A16: 15 | B16: C3C电脑 | C16: 吴丽丽 | D16: lilychhs@chhsban.edu.my | E16: Thursday / 15:05~15:40 & Tuesday / 10:05~11:15 | F16: 电脑教室 | H16: ='C3C电脑 吴丽丽'!L3 -> 17 | J16: 33 | K16: 20/1 | L16: 22/1 | M16: 27/1 | N16: 29/1 | O16: 3/2 | P16: 5/2 | Q16: 2/10 | R16: 12/2 | S16: 26/2 | T16: 3/3 | U16: 7/4 | V16: 9/4 | W16: 14/4 | X16: 21/4 | Y16: 23/4 | Z16: 28/4 | AA16: 30/4 | AB16: 5/5 | AC16: 7/5 | AD16: 12/5 | AE16: 9/6 | AF16: 11/6 | AG16: 16/9 | AH16: 18/6 | AI16: 25/6 | AJ16: 30/6 | AK16: 2/7 | AL16: 9/7 | AM16: 14/7 | AN16: 21/7 | AO16: 23/7 | AP16: 4/8 | AQ16: 6/8
A17: 16 | B17: C3D电脑 | C17: 吴丽丽 | D17: lilychhs@chhsban.edu.my | E17: Thursday / 15:05~15:40 & Tuesday / 10:05~11:15 | F17: 电脑教室 | H17: ='C3D电脑 吴丽丽'!L3 -> 12 | J17: 33 | K17: 20/1 | L17: 22/1 | M17: 27/1 | N17: 29/1 | O17: 2/3 | P17: 2/5 | Q17: 2/10 | R17: 12/2 | S17: 26/2 | T17: 3/3 | U17: 7/4 | V17: 9/4 | W17: 14/4 | X17: 21/4 | Y17: 23/4 | Z17: 28/4 | AA17: 30/4 | AB17: 5/5 | AC17: 7/5 | AD17: 12/5 | AE17: 9/6 | AF17: 11/6 | AG17: 16/9 | AH17: 16/9 | AI17: 26/6 | AJ17: 30/6 | AK17: 2/7 | AL17: 9/7 | AM17: 14/7 | AN17: 21/7 | AO17: 21/7 | AP17: 4/8 | AQ17: 6/8
A18: 17 | B18: C3E电脑 | C18: 吴丽丽 | D18: lilychhs@chhsban.edu.my | E18: Monday / 15:05~15:40 & Thursday / 10:05~11:15 | F18: 电脑教室 | H18: ='C3E电脑 吴丽丽'!L3 -> 9 | J18: 34 | K18: 19/1 | L18: 22/1 | M18: 26/1 | N18: 29/1 | O18: 2/5 | P18: 12/2 | Q18: 23/2 | R18: 2/3 | S18: 5/3 | T18: 9/3 | U18: 30/3 | V18: 6/4 | W18: 9/4 | X18: 13/4 | Y18: 20/4 | Z18: 23/4 | AA18: 27/4 | AB18: 30/4 | AC18: 4/5 | AD18: 7/5 | AE18: 8/6 | AF18: 11/6 | AG18: 15/619/6 | AH18: 22/6 | AI18: 25/6 | AJ18: 29/6 | AK18: 2/7 | AL18: 9/7 | AM18: 13/7 | AN18: 16/7 | AO18: 20/7 | AP18: 20/7 | AQ18: 23/7 | AR18: 6/8
A19: 18 | B19: C3F电脑 | C19: 吴丽丽 | D19: lilychhs@chhsban.edu.my | E19: Monday / 15:05~15:40 & Thursday / 10:05~11:15 | F19: 电脑教室 | H19: ='C3F电脑 吴丽丽'!L3 -> 10 | J19: 33 | K19: 19/1 | L19: 22/1 | M19: 26/1 | N19: 29/1 | O19: 2/5 | P19: 12/2 | Q19: 23/2 | R19: 2/3 | S19: 5/3 | T19: 9/3 | U19: 30/3 | V19: 6/4 | W19: 9/4 | X19: 13/4 | Y19: 20/4 | Z19: 23/4 | AA19: 27/4 | AB19: 30/4 | AC19: 4/5 | AD19: 7/5 | AE19: 8/6 | AF19: 11/6 | AG19: 15/619/6 | AH19: 22/6 | AI19: 25/6 | AJ19: 29/6 | AK19: 2/7 | AL19: 9/7 | AM19: 13/7 | AN19: 16/7 | AO19: 20/7 | AP19: 23/7 | AQ19: 6/8
A20: 19 | B20: P. Islam | C20: ROHAYA | D20: ecchhs215@chhsban.edu.my | E20: Monday / 15:40~16:15 & Tuesday / 16:15~17:25 | F20: A309 | H20: ='P. Islam ROHAYA'!L3 -> 10 | J20: 66 | K20: 12/1 | L20: 13/1 | M20: 15/1 | N20: 19/1 | O20: 20/1 | P20: 21/1 | Q20: 26/1 | R20: 27/1 | S20: 29/1 | T20: 2/2 | U20: 2/3 | V20: 2/5 | W20: 2/9 | X20: 2/10 | Y20: 2/12 | Z20: 16/2 | AA20: 17/2 | AB20: 19/2 | AC20: 23/2 | AD20: 24/2 | AE20: 26/2 | AF20: 2/3 | AG20: 3/3 | AH20: 5/3 | AI20: 9/3 | AJ20: 3/10 | AK20: 3/12 | AL20: 16/3 | AM20: 17/3 | AN20: 19/3 | AO20: 23/3 | AP20: 24/3 | AQ20: 26/3 | AR20: 30/3 | AS20: 31/3 | AT20: 2/4 | AU20: 6/4 | AV20: 7/4 | AW20: 9/4 | AX20: 13/4 | AY20: 14/4 | AZ20: 16/4 | BA20: 20/4 | BB20: 21/4 | BC20: 23/4 | BD20: 27/4 | BE20: 28/4 | BF20: 30/4 | BG20: 4/5 | BH20: 5/5 | BI20: 7/5 | BJ20: 11/5 | BK20: 12/5 | BL20: 8/6 | BM20: 9/6 | BN20: 11/6 | BO20: 15/6 | BP20: 16/6 | BQ20: 22/6 | BR20: 23/6 | BS20: 25/6 | BT20: 29/6 | BU20: 30/6 | BV20: 2/7 | BW20: 13/7 | BX20: 16/7
A21: 20 | B21: 高三历史 | C21: 林木胜 | D21: ecchhs253@chhsban.edu.my | E21: Tuesday / 15:40~16:50 & Friday / 15:05~16:15 | F21: A304 | H21: ='高三历史 林木胜'!L3 -> 23 | J21: 4 | K21: 20/1 | L21: 23/1 | M21: 27/1 | N21: 30/1
A22: 21 | B22: 高三地理 | C22: 杨傚因 | D22: ecchhs261@chhsban.edu.my | E22: Monday / 15:40~16:50 & Thursday /15:50~16:50 | F22: A305 | H22: ='高三地理 杨傚因'!L3 -> 14 | J22: 33 | K22: 19/1 | L22: 22/1 | M22: 26/1 | N22: 2/2 | O22: 5/2 | P22: 12/2 | Q22: 23/2 | R22: 26/2 | S22: 2/3 | T22: 5/3 | U22: 30/3 | V22: 2/4 | W22: 6/4 | X22: 9/4 | Y22: 13/4 | Z22: 16/4 | AA22: 20/4 | AB22: 23/4 | AC22: 27/4 | AD22: 4/5 | AE22: 7/5 | AF22: 11/5 | AG22: 8/6 | AH22: 11/6 | AI22: 22/6 | AJ22: 25/6 | AK22: 29/6 | AL22: 2/7 | AM22: 9/7 | AN22: 13/7 | AO22: 16/7 | AP22: 20/7 | AQ22: 27/7
A23: 22 | B23: 高三美术 | C23: 陈天成、陈欣恩 | D23: ecchhs212@chhsban.edu.my | E23: Wednesday 15:40~17:25 | F23: 美术室 | H23: ='高三美术 陈天成'!L3 -> 29 | J23: 19 | K23: 28/1 | L23: 4/2 | M23: 11/2 | N23: 25/2 | O23: 4/3 | P23: 1/4 | Q23: 8/4 | R23: 15/4 | S23: 22/4 | T23: 29/4 | U23: 6/5 | V23: 13/5 | W23: 10/6 | X23: 23/6 | Y23: 1/7 | Z23: 8/7 | AA23: 15/7 | AB23: 22/7 | AC23: 29/7
A24: 23 | B24: 初一数学校队 | C24: 萧子良 | D24: ecchhs024@chhsban.edu.my | E24: Tuesday / 15:40~16:50 | F24: A306 | H24: ='初一数学校队 萧子良'!L3 -> 12 | J24: 13 | K24: 9/2 | L24: 16/2 | M24: 23/2 | N24: 31/3 | O24: 7/4 | P24: 14/4 | Q24: 21/4 | R24: 28/4 | S24: 5/5 | T24: 9/6 | U24: 16/6 | V24: 23/6 | W24: 30/6
A25: 24 | B25: 初二、三数学校队 | C25: 刘汶兴 | E25: Thursday / 15:40~16:50 | F25: A306 | H25: ='初二、初三数学校队 刘汶兴'!L3 -> 30 | J25: 13 | K25: 3/2 | L25: 10/2 | M25: 24/2 | N25: 31/3 | O25: 7/4 | P25: 14/4 | Q25: 21/4 | R25: 28/4 | S25: 5/5 | T25: 9/6 | U25: 16/6 | V25: 23/6 | W25: 30/6
A26: 25 | B26: 高一数学校队 | C26: 蔡康壮 | E26: Thursday / 15:40~16:50 | F26: A306 | H26: ='高一数学校队 蔡康壮'!L3 -> 7 | J26: 18 | K26: 5/2 | L26: 12/2 | M26: 26/2 | N26: 5/3 | O26: 2/4 | P26: 9/4 | Q26: 16/4 | R26: 23/4 | S26: 30/4 | T26: 11/6 | U26: 18/6 | V26: 25/6 | W26: 2/7 | X26: 9/7 | Y26: 16/7 | Z26: 23/7 | AA26: 30/7 | AB26: 6/8
A27: 26 | B27: 高二、三数学校队 | C27: 蔡康壮 | E27: Friday / 15:40~16:50 | F27: A306 | H27: ='高二、高三数学校队 蔡康壮'!L3 -> 29 | J27: 15 | K27: 6/2 | L27: 26/2 | M27: 6/3 | N27: 3/4 | O27: 10/4 | P27: 17/4 | Q27: 24/4 | R27: 12/6 | S27: 19/6 | T27: 26/6 | U27: 3/7 | V27: 10/7 | W27: 17/7 | X27: 31/7 | Y27: 7/8

Sheet Sheet8

Sheet 模板
A1: 科目： | C1: P. Islam | H1: 男 | J1: 女
A2: 时段: | C2: ='选修课表清单'!E20 -> Monday / 15:40~16:15 & Tuesday / 16:15~17:25 | G2: 走/宿 | H2: L | I2: LH | J2: P | K2: PH | L2: 总计
A3: 地点： | C3: ='选修课表清单'!F20 -> A309 | G3: 人数 | H3: =COUNTIF($E:$E,"L") -> 0 | I3: =COUNTIF($E:$E,"LH") -> 0 | J3: =COUNTIF($E:$E,"P") -> 0 | K3: =COUNTIF($E:$E,"PH") -> 0 | L3: =H4+J4 -> 0
A4: 老师： | C4: ='选修课表清单'!C20 -> ROHAYA | G4: 合计 | H4: =SUM(H3:I3) -> 0 | J4: =SUM(J3:K3) -> 0
A6: No. | B6: ADM. | C6: Name | D6: 姓名 | E6: 性别 | F6: 班级 | G6: 承诺书 | H6: 日期
A7: 1
A8: 2
A9: 3
A10: 4
A11: 5
A12: 6
A13: 7
A14: 8
A15: 9
A16: 10
A17: 11
A18: 12
... A46: 40

Sheet U1A 音乐-李甄琳
A1: 科目： | C1: U1A音乐 | H1: 男 | J1: 女
A2: 时段: | C2: ='选修课表清单'!E3 -> Thursday / 14:30~15:40 | G2: 走/宿 | H2: L | I2: LH | J2: P | K2: PH | L2: 总计
A3: 地点： | C3: ='选修课表清单'!F3 -> 音乐室 | G3: 人数 | H3: =COUNTIF($E:$E,"L") -> 9 | I3: =COUNTIF($E:$E,"LH") -> 5 | J3: =COUNTIF($E:$E,"P") -> 0 | K3: =COUNTIF($E:$E,"PH") -> 0 | L3: =H4+J4 -> 14
A4: 老师： | C4: ='选修课表清单'!C3 -> 李甄琳 | G4: 合计 | H4: =SUM(H3:I3) -> 14 | J4: =SUM(J3:K3) -> 0
H5: ⬇️ | I5: "Please start entering the class dates from cell H6."
A6: No. | B6: ADM. | C6: Name | D6: 姓名 | E6: 性别 | F6: 班级 | G6: 承诺书 | H6: 22/1 | I6: 29/1 | J6: 2/12 | K6: 26/2 | L6: 3/4 | M6: 4/9 | N6: 11/6 | O6: 9/7
A7: 1 | B7: 22099 | C7: CHEONG HEIN WEI | D7: 张轩玮 | E7: LH | F7: U1A | H7: / | I7: / | J7: / | K7: / | L7: / | M7: / | N7: / | O7: /
A8: 2 | B8: 22106 | C8: LEE KAR LOK | D8: 李家乐 | E8: L | F8: U1A | H8: - | I8: / | J8: 联协 | K8: / | L8: / | M8: 公 | N8: 公 | O8: /
A9: 3 | B9: 22186 | C9: LIM JIA PAO | D9: 林家葆 | E9: L | F9: U1A | H9: / | I9: / | J9: / | K9: / | L9: / | M9: / | N9: / | O9: /
A10: 4 | B10: 22235 | C10: TAN WEE SHEN | D10: 邓炜燊 | E10: LH | F10: U1A | H10: / | I10: / | J10: 早 | K10: / | L10: / | M10: / | N10: / | O10: 转
A11: 5 | B11: 22262 | C11: TAN JIE KAI | D11: 陈诘恺 | E11: L | F11: U1A | H11: / | I11: / | J11: / | K11: / | L11: / | M11: / | N11: / | O11: /
A12: 6 | B12: 22280 | C12: JUSTIN WONG WEI XUEN | D12: 黄玮翾 | E12: LH | F12: U1A | H12: / | I12: / | J12: / | K12: / | L12: / | M12: / | N12: / | O12: /
A13: 7 | B13: 22443 | C13: LIOW WEN LOONG | D13: 廖文龙 | E13: L | F13: U1A | H13: / | I13: / | J13: / | K13: / | L13: / | M13: / | N13: / | O13: /
A14: 8 | B14: 22559 | C14: CHOW WEN BIN | D14: 鄒文斌 | E14: L | F14: U1A | H14: / | I14: / | J14: / | K14: / | L14: / | M14: / | N14: 0 | O14: /
A15: 9 | B15: 23159 | C15: LEE CHING SIANG | D15: 李庆祥 | E15: LH | F15: U1A | H15: / | I15: / | J15: / | K15: / | L15: / | M15: / | N15: / | O15: /
A16: 10 | B16: 23401 | C16: ZENG SHANG NAN | D16: 曾尚南 | E16: L | F16: U1A | H16: / | I16: / | J16: / | K16: / | L16: / | M16: / | N16: / | O16: /
A17: 11 | B17: 23457 | C17: OSCAR SIOW JING YANG | D17: 萧靖洋 | E17: L | F17: U1A | H17: / | I17: / | J17: / | K17: / | L17: / | M17: / | N17: 0 | O17: /
A18: 12 | B18: 23521 | C18: LIM YOU YING | D18: 林有營 | E18: LH | F18: U1A | H18: / | I18: / | J18: / | K18: / | L18: / | M18: / | N18: / | O18: /
A19: 13 | B19: 23544 | C19: WONG CHIN LEONG | D19: 黃俊良 | E19: L | F19: U1A | H19: / | I19: / | J19: / | K19: / | L19: / | M19: / | N19: / | O19: /
A20: 14 | B20: 26480 | C20: WAY YU YANG | D20: 韦宇阳 | E20: L | F20: U1A | H20: / | I20: / | J20: / | K20: / | L20: / | M20: / | N20: / | O20: /
A22: 16
A23: 17
A24: 18
A25: 19
A26: 20
A27: 21
A28: 22
A29: 23
A30: 24
A31: 25
A32: 26
A33: 27
... A46: 40

Sheet 初一数学校队 萧子良
A1: 科目： | C1: 初一数学校队 | H1: 男 | J1: 女
A2: 时段: | C2: ='选修课表清单'!E24 -> Tuesday / 15:40~16:50 | G2: 走/宿 | H2: L | I2: LH | J2: P | K2: PH | L2: 总计
A3: 地点： | C3: ='选修课表清单'!F24 -> A306 | G3: 人数 | H3: =COUNTIF($E:$E,"L") -> 5 | I3: =COUNTIF($E:$E,"LH") -> 4 | J3: =COUNTIF($E:$E,"P") -> 3 | K3: =COUNTIF($E:$E,"PH") -> 0 | L3: =H4+J4 -> 12
A4: 老师： | C4: ='选修课表清单'!C24 -> 萧子良 | G4: 合计 | H4: =SUM(H3:I3) -> 9 | J4: =SUM(J3:K3) -> 3
H5: ⬇️ | I5: "Please start entering the class dates from cell H6."
A6: No. | B6: ADM. | C6: Name | D6: 姓名 | E6: 性别 | F6: 班级 | G6: 承诺书 | H6: 9/2 | I6: 16/2 | J6: 23/2 | K6: 31/3 | L6: 7/4 | M6: 14/4 | N6: 21/4 | O6: 28/4 | P6: 5/5 | Q6: 9/6 | R6: 16/6 | S6: 23/6 | T6: 30/6 | U6: 14/7 | V6: 21/7 | W6: 28/7 | X6: 4/8 | Y6: 11/8 | Z6: 18/8 | AA6: 8/9 | AB6: 15/9 | AC6: 22/9 | AD6: 29/9
A7: 1 | B7: 26118 | C7: TEE WEI HNG | D7: 郑炜衡 | E7: L | F7: J1A | H7: 事 | I7: 1 | J7: 1 | K7: 1 | L7: 1 | M7: 1 | N7: 1 | O7: 1 | P7: 1 | Q7: 1 | R7: 1 | S7: 1 | T7: 1 | U7: 1 | V7: 1 | W7: 1 | X7: 1 | Y7: 1 | Z7: 1 | AA7: 1 | AB7: 1 | AC7: 1 | AD7: 1
A8: 2 | B8: 26124 | C8: LOW SHI XUN | D8: 刘世勋 | E8: L | F8: J1A | H8: 1 | I8: 1 | J8: 1 | K8: 1 | L8: 1 | M8: 1 | N8: 1 | O8: 1 | P8: 1 | Q8: 1 | R8: 1 | S8: 1 | T8: 1 | U8: 1 | V8: 1 | W8: 1 | X8: 1 | Y8: 1 | Z8: 1 | AA8: 病 | AB8: 1 | AC8: 1 | AD8: 1
A9: 3 | B9: 26484 | C9: CHIA JOHNSON | D9: 谢骏森 | E9: L | F9: J1A | H9: 1 | I9: 1 | J9: 1 | K9: 1 | L9: 1 | M9: 1 | N9: 1 | O9: 1 | P9: 1 | Q9: 1 | R9: 1 | S9: 1 | T9: 1 | U9: 1 | V9: 1 | W9: 1 | X9: 1 | Y9: 1 | Z9: 1 | AA9: 1 | AB9: 1 | AC9: 1 | AD9: 1
A10: 4 | B10: 26007 | C10: TAN WEI QI | D10: 陈微绮 | E10: P | F10: J1B | H10: 1 | I10: 1 | J10: 1 | K10: 1 | L10: 1 | M10: 1 | N10: 1 | O10: 1 | P10: 1 | Q10: 1 | R10: 1 | S10: 1 | T10: 1 | U10: 1 | V10: 1 | W10: 1 | X10: 1 | Y10: 1 | Z10: 1 | AA10: 1 | AB10: 1 | AC10: 1 | AD10: 1
A11: 5 | B11: 26015 | C11: LEE YU HONG | D11: 李昱宏 | E11: LH | F11: J1B | H11: 1 | I11: 1 | J11: 1 | K11: 1 | L11: 1 | M11: 1 | N11: 1 | O11: 1 | P11: 1 | Q11: 1 | R11: 1 | S11: 1 | T11: 1 | U11: 1 | V11: 1 | W11: 1 | X11: 1 | Y11: 1 | Z11: 1 | AA11: 1 | AB11: 1 | AC11: 1 | AD11: 1
A12: 6 | B12: 26016 | C12: SIOW YI QING | D12: 萧逸晴 | E12: P | F12: J1B | H12: 1 | I12: 1 | J12: 1 | K12: 1 | L12: 1 | M12: 1 | N12: 1 | O12: 1 | P12: 1 | Q12: 1 | R12: 1 | S12: 1 | T12: 1 | U12: 1 | V12: 1 | W12: 1 | X12: 1 | Y12: 1 | Z12: 1 | AA12: 1 | AB12: 1 | AC12: 1 | AD12: 1
A13: 7 | B13: 26026 | C13: LOW KEH ENG | D13: 刘可恩 | E13: P | F13: J1B | H13: 1 | I13: 1 | J13: 1 | K13: 1 | L13: 1 | M13: 1 | N13: 1 | O13: 1 | P13: 1 | Q13: 病 | R13: 病 | S13: 1 | T13: 1 | U13: 1 | V13: 1 | W13: 1 | X13: 1 | Y13: 1 | Z13: 1 | AA13: 1 | AB13: 1 | AC13: 1 | AD13: 1
A14: 8 | B14: 26066 | C14: CHONG KWOK SOON | D14: 庄国舜 | E14: L | F14: J1B | H14: 1 | I14: 1 | J14: 1 | K14: 1 | L14: 1 | M14: 1 | N14: 1 | O14: 1 | P14: 1 | Q14: 1 | R14: 1 | S14: 1 | T14: 1 | U14: 1 | V14: 1 | W14: 1 | X14: 1 | Y14: 1 | Z14: 1 | AA14: 1 | AB14: 1 | AC14: 1 | AD14: 1
A15: 9 | B15: 26077 | C15: LIM KAI SEN | D15: 林楷森 | E15: J1B | F15: J1B | H15: 1 | I15: 1 | J15: 1 | K15: 1 | L15: 1 | M15: 1 | N15: 1 | O15: 1 | P15: 1 | Q15: 1 | R15: 1 | S15: 1 | T15: 1 | U15: 1 | V15: 1 | W15: 病 | X15: 1 | Y15: 1 | Z15: 1 | AA15: 1 | AB15: 1 | AC15: 1 | AD15: 1
A16: 10 | B16: 26321 | C16: MOK YU HIN | D16: 莫雨轩 | E16: LH | F16: J1B | H16: 1 | I16: 1 | J16: 1 | K16: 1 | L16: 1 | M16: 1 | N16: 1 | O16: 1 | P16: 1 | Q16: 1 | R16: 1 | S16: 1 | T16: 1 | U16: 1 | V16: 1 | W16: 1 | X16: 1 | Y16: 1 | Z16: 1 | AA16: 1 | AB16: 1 | AC16: 1 | AD16: 1
A17: 11 | B17: 26105 | C17: CHIN YING SHENG | D17: 陈颖晟 | E17: L | F17: J1C | H17: 1 | I17: 1 | J17: 1 | K17: 1 | L17: 1 | M17: 1 | N17: 1 | O17: 1 | P17: 1 | Q17: 1 | R17: 1 | S17: 1 | T17: 1 | U17: 1 | V17: 1 | W17: 1 | X17: 1 | Y17: 1 | Z17: 1 | AA17: 1 | AB17: 1 | AC17: 1 | AD17: 1
A18: 12 | B18: 26002 | C18: LEE YONG YI | D18: 李永毅 | E18: LH | F18: J1D | H18: 1 | I18: 1 | J18: 1 | K18: 1 | L18: 1 | M18: 1 | N18: 1 | O18: 1 | P18: 1 | Q18: 1 | R18: 1 | S18: 1 | T18: 1 | U18: 1 | V18: 1 | W18: 1 | X18: 1 | Y18: 1 | Z18: 1 | AA18: 1 | AB18: 1 | AC18: 1 | AD18: 1
A19: 13 | B19: 26032 | C19: LOO JIA YOU | D19: 卢嘉佑 | E19: LH | F19: J1D | H19: 1 | I19: 1 | J19: 1 | K19: 1 | L19: 1 | M19: 1 | N19: 1 | O19: 1 | P19: 1 | Q19: 1 | R19: 1 | S19: 1 | T19: 1 | U19: 1 | V19: 1 | W19: 1 | X19: 1 | Y19: 1 | Z19: 1 | AA19: 病 | AB19: 病 | AC19: 1 | AD19: 1
A20: 14
A22: 16
A23: 17
A24: 18
A25: 19
A26: 20
A27: 21
A28: 22
A29: 23
A30: 24
A31: 25
A32: 26
... A46: 40

Sheet 初二、初三数学校队 刘汶兴
A1: 科目： | C1: 初二、三数学校队 | H1: 男 | J1: 女
A2: 时段: | C2: ='选修课表清单'!E25 -> Thursday / 15:40~16:50 | G2: 走/宿 | H2: L | I2: LH | J2: P | K2: PH | L2: 总计
A3: 地点： | C3: ='选修课表清单'!F25 -> A306 | G3: 人数 | H3: =COUNTIF($E:$E,"L") -> 9 | I3: =COUNTIF($E:$E,"LH") -> 11 | J3: =COUNTIF($E:$E,"P") -> 9 | K3: =COUNTIF($E:$E,"PH") -> 1 | L3: =H4+J4 -> 30
A4: 老师： | C4: ='选修课表清单'!C25 -> 刘汶兴 | G4: 合计 | H4: =SUM(H3:I3) -> 20 | J4: =SUM(J3:K3) -> 10
H5: ⬇️ | I5: "Please start entering the class dates from cell H6."
A6: No. | B6: ADM. | C6: Name | D6: 姓名 | E6: 性别 | F6: 班级 | G6: 承诺书 | H6: 3/2 | I6: 10/2 | J6: 24/2 | K6: 31/3 | L6: 7/4 | M6: 14/4 | N6: 21/4 | O6: 28/4 | P6: 5/5 | Q6: 9/6 | R6: 16/6 | S6: 23/6 | T6: 30/6 | U6: 21/7 | V6: 28/7
A7: 1 | B7: 25122 | C7: CHAN SHIN EE | D7: 陈星妮 | E7: P | F7: J2A | H7: 1 | I7: 1 | J7: 1 | K7: 1 | L7: 1 | M7: 1 | N7: 1 | O7: 1 | P7: 1 | Q7: 1 | R7: 1 | S7: 1 | T7: 1 | U7: 1 | V7: 1
A8: 2 | B8: 25183 | C8: NG CHEN HOU | D8: 黄诚皓 | E8: L | F8: J2A | H8: 1 | I8: 1 | J8: 1 | K8: 1 | L8: 1 | M8: 1 | N8: 1 | O8: 1 | P8: 0 | Q8: 1 | R8: 1 | S8: 1 | T8: 1 | U8: 1 | V8: 1
A9: 3 | B9: 25428 | C9: NG JING KAI | D9: 黄靖凯 | E9: LH | F9: J2A | H9: 1 | I9: 1 | J9: 1 | K9: 1 | L9: 1 | M9: 1 | N9: 1 | O9: 1 | P9: 1 | Q9: 1 | R9: 1 | S9: 1 | T9: 1 | U9: 1 | V9: 1
A10: 4 | B10: 25044 | C10: KUEK CHEN YUN | D10: 郭丞云 | E10: L | F10: J2A | H10: 1 | I10: 1 | J10: 1 | K10: 1 | L10: 1 | M10: 1 | N10: 1 | O10: 1 | P10: 0 | Q10: 1 | R10: 1 | S10: 1 | T10: 1 | U10: 0 | V10: 1
A11: 5 | B11: 25193 | C11: KWANG RUI HAN | D11: 关芮涵 | E11: P | F11: J2A | H11: 1 | I11: 1 | J11: 病 | K11: 1 | L11: 1 | M11: 1 | N11: 1 | O11: 1 | P11: 1 | Q11: 1 | R11: 1 | S11: 1 | T11: 1 | U11: 1 | V11: 1
A12: 6 | B12: 25198 | C12: HEW GUAN SHEN | D12: 邱冠燊 | E12: L | F12: J2B | H12: 1 | I12: 1 | J12: 1 | K12: 1 | L12: 1 | M12: 1 | N12: 1 | O12: 1 | P12: 1 | Q12: 1 | R12: 1 | S12: 1 | T12: 1 | U12: 1 | V12: 1
A13: 7 | B13: 25017 | C13: LEE LOK HIN | D13: 李乐谦 | E13: L | F13: J2B | H13: 1 | I13: 1 | J13: 1 | K13: 1 | L13: 1 | M13: 1 | N13: 1 | O13: 1 | P13: 1 | Q13: 1 | R13: 1 | S13: 1 | T13: 1 | U13: 1 | V13: 1
A14: 8 | B14: 25151 | C14: YONG JIT WEI | D14: 杨佶沩 | E14: LH | F14: J2B | H14: 1 | I14: 1 | J14: 1 | K14: 1 | L14: 1 | M14: 1 | N14: 1 | O14: 1 | P14: 1 | Q14: 1 | R14: 1 | S14: 1 | T14: 1 | U14: 1 | V14: 1
A15: 9 | B15: 25077 | C15: THAM CHEN-MING | D15: 谭丞洺 | E15: LH | F15: J2C | H15: 1 | I15: 1 | J15: 1 | K15: 1 | L15: 1 | M15: 1 | N15: 1 | O15: 1 | P15: 1 | Q15: 1 | R15: 1 | S15: 病 | T15: 病 | U15: 1 | V15: 1
A16: 10 | B16: 25028 | C16: CHEN HAO YANG | D16: 陈浩扬 | E16: LH | F16: J2C | H16: 1 | I16: 1 | J16: 1 | K16: 1 | L16: 1 | M16: 1 | N16: 1 | O16: 1 | P16: 1 | Q16: 1 | R16: 1 | S16: 1 | T16: 1 | U16: 1 | V16: 1
A17: 11 | B17: 25124 | C17: YAP HOI MING | D17: 叶海铭 | E17: LH | F17: J2C | H17: 1 | I17: 1 | J17: 1 | K17: 1 | L17: 1 | M17: 1 | N17: 1 | O17: 1 | P17: 1 | Q17: 1 | R17: 1 | S17: 1 | T17: 1 | U17: 1 | V17: 1
A18: 12 | B18: 25189 | C18: HONG YU HUAN | D18: 王玉环 | E18: P | F18: J2C | H18: 1 | I18: 1 | J18: 1 | K18: 1 | L18: 1 | M18: 1 | N18: 1 | O18: 1 | P18: 0 | Q18: 1 | R18: 1 | S18: 1 | T18: 1 | U18: 1 | V18: 1
A19: 13 | B19: 25031 | C19: LIM YUN XI | D19: 林蕴晞 | E19: P | F19: J2C | H19: 1 | I19: 公 | J19: 1 | K19: 1 | L19: 1 | M19: 1 | N19: 1 | O19: 1 | P19: 1 | Q19: 1 | R19: 1 | S19: 1 | T19: 1 | U19: 1 | V19: 1
A20: 14 | B20: 25005 | C20: LAI XIN YUU | D20: 黎心瑜 | E20: P | F20: J2C | H20: 1 | I20: 1 | J20: 1 | K20: 1 | L20: 1 | M20: 1 | N20: 1 | O20: 1 | P20: 1 | Q20: 1 | R20: 1 | S20: 1 | T20: 1 | U20: 1 | V20: 1
A21: 15 | B21: 25153 | C21: NG LI XUAN | D21: 吴俐萱 | E21: P | F21: J2D | H21: 1 | I21: 1 | J21: 1 | K21: 1 | L21: 1 | M21: 1 | N21: 1 | O21: 1 | P21: 1 | Q21: 1 | R21: 1 | S21: 1 | T21: 1 | U21: 0 | V21: 1
A22: 16 | B22: 25026 | C22: LIM YING XI | D22: 林盈希 | E22: P | F22: J2D | H22: 1 | I22: 1 | J22: 1 | K22: 1 | L22: 1 | M22: 1 | N22: 1 | O22: 1 | P22: 1 | Q22: 1 | R22: 1 | S22: 1 | T22: 1 | U22: 1 | V22: 1
A23: 17 | B23: 25119 | C23: YAP CHONG KIAT | D23: 叶忠杰 | E23: LH | F23: J2D | H23: 1 | I23: 1 | J23: 1 | K23: 1 | L23: 1 | M23: 1 | N23: 1 | O23: 1 | P23: 1 | Q23: 1 | R23: 1 | S23: 1 | T23: 1 | U23: 1 | V23: 1
A24: 18 | B24: 25081 | C24: LEE TZEN YAO | D24: 李振耀 | E24: LH | F24: J2D | H24: 1 | I24: 1 | J24: 1 | K24: 1 | L24: 0 | M24: 1 | N24: 1 | O24: 1 | P24: 1 | Q24: 1 | R24: 1 | S24: 1 | T24: 1 | U24: 0 | V24: 1
A25: 19 | B25: 24003 | C25: TERENCE HOO JON YONG | D25: 许竣阳 | E25: L | F25: J3A | H25: 1 | I25: 1 | J25: 1 | K25: 1 | L25: 1 | M25: 1 | N25: 1 | O25: 1 | P25: 1 | Q25: 1 | R25: 1 | S25: 1 | T25: 1 | U25: 1 | V25: 1
A26: 20 | B26: 24028 | C26: ANGUS SOO YI KANG | D26: 苏逸康 | E26: L | F26: J3A | H26: 1 | I26: 1 | J26: 1 | K26: 1 | L26: 1 | M26: 1 | N26: 1 | O26: 1 | P26: 1 | Q26: 1 | R26: 1 | S26: 1 | T26: 1 | U26: 1 | V26: 1
A27: 21 | B27: 24203 | C27: LIEW SING HONG | D27: 刘胜鸿 | E27: LH | F27: J3A | H27: 1 | I27: 1 | J27: 1 | K27: 1 | L27: 1 | M27: 1 | N27: 1 | O27: 1 | P27: 1 | Q27: 1 | R27: 1 | S27: 1 | T27: 1 | U27: 1 | V27: 1
A28: 22 | B28: 24001 | C28: SIOW YI CHEN | D28: 萧逸辰 | E28: L | F28: J3B | H28: 1 | I28: 1 | J28: 1 | K28: 1 | L28: 1 | M28: 1 | N28: 1 | O28: 1 | P28: 1 | Q28: 1 | R28: 1 | S28: 1 | T28: 1 | U28: 1 | V28: 1
A29: 23 | B29: 24177 | C29: LIN HAO YI | D29: 林皓宇 | E29: LH | F29: J3B | H29: x | I29: 1 | J29: 1 | K29: 1 | L29: 1 | M29: 1 | N29: 1 | O29: 1 | P29: 1 | Q29: 1 | R29: 1 | S29: 1 | T29: 1 | U29: 1 | V29: 1
A30: 24 | B30: 24081 | C30: THAM ZHEN YOON | D30: 谭振勇 | E30: LH | F30: J3C | H30: 1 | I30: 1 | J30: 1 | K30: 1 | L30: 1 | M30: 1 | N30: 1 | O30: 1 | P30: 1 | Q30: 1 | R30: 1 | S30: 1 | T30: 1 | U30: 1 | V30: 1
A31: 25 | B31: 24437 | C31: WONG JIAN MENG | D31: 黄裕彦 | E31: L | F31: J3C | H31: 1 | I31: 1 | J31: 1 | K31: 1 | L31: 1 | M31: 1 | N31: 1 | O31: 1 | P31: 1 | Q31: 1 | R31: 1 | S31: 1 | T31: 1 | U31: 1 | V31: 1
A32: 26 | B32: 24141 | C32: LIEW YEW YANG | D32: 廖犹阳 | E32: LH | F32: J3D | H32: 1 | I32: 1 | J32: 1 | K32: 1 | L32: 1 | M32: 1 | N32: 1 | O32: 1 | P32: 1 | Q32: 1 | R32: 1 | S32: 1 | T32: 1 | U32: 1 | V32: 1
A33: 27 | B33: 24017 | C33: CHANG JUN REN | D33: 郑峻仁 | E33: L | F33: J3D | H33: 1 | I33: 1 | J33: 1 | K33: 1 | L33: 1 | M33: 1 | N33: 1 | O33: 1 | P33: 1 | Q33: 1 | R33: 1 | S33: 1 | T33: 1 | U33: 1 | V33: 1
A34: 28 | B34: 24368 | C34: GOH JIA YEE | D34: 吴佳瑜 | E34: P | F34: J3D | H34: 1 | I34: 1 | J34: 1 | K34: 1 | L34: 1 | M34: 1 | N34: 1 | O34: 1 | P34: 1 | Q34: 1 | R34: 1 | S34: 1 | T34: 1 | U34: 1 | V34: 1
A35: 29 | B35: 24358 | C35: SOLPHIA LIEWN YU QING | D35: 梁雨晴 | E35: PH | F35: J3G | H35: 1 | I35: 1 | J35: 1 | K35: 1 | L35: 1 | M35: 1 | N35: 1 | O35: 0 | P35: 1 | Q35: 1 | R35: 1 | S35: 1 | T35: 1 | U35: 1 | V35: 1
A36: 30
A37: 31
A38: 32
A39: 33
A40: 34
A41: 35
A42: 36
A43: 37
A44: 38
A45: 39
A46: 40
B48: 25111 | C48: QUINCY ANG RUI QIAN | D48: 洪瑞芊 | E48: P | F48: J2A | H48: 1 | I48: 1 | J48: 1 | K48: x | L48: x | M48: x

Sheet 高一数学校队 蔡康壮
A1: 科目： | C1: 高一数学校队 | H1: 男 | J1: 女
A2: 时段: | C2: ='选修课表清单'!E26 -> Thursday / 15:40~16:50 | G2: 走/宿 | H2: L | I2: LH | J2: P | K2: PH | L2: 总计
A3: 地点： | C3: ='选修课表清单'!F6 -> A308 | G3: 人数 | H3: =COUNTIF($E:$E,"L") -> 4 | I3: =COUNTIF($E:$E,"LH") -> 3 | J3: =COUNTIF($E:$E,"P") -> 0 | K3: =COUNTIF($E:$E,"PH") -> 0 | L3: =H4+J4 -> 7
A4: 老师： | C4: ='选修课表清单'!C26 -> 蔡康壮 | G4: 合计 | H4: =SUM(H3:I3) -> 7 | J4: =SUM(J3:K3) -> 0
H5: ⬇️ | I5: "Please start entering the class dates from cell H6."
A6: No. | B6: ADM. | C6: Name | D6: 姓名 | E6: 性别 | F6: 班级 | G6: 承诺书 | H6: 5/2 | I6: 12/2 | J6: 26/2 | K6: 5/3 | L6: 2/4 | M6: 9/4 | N6: 16/4 | O6: 23/4 | P6: 30/4 | Q6: 11/6 | R6: 18/6 | S6: 25/6 | T6: 2/7 | U6: 9/7 | V6: 16/7 | W6: 23/7 | X6: 30/7 | Y6: 6/8 | Z6: 13/8 | AA6: 20/8 | AB6: 27/8 | AC6: 10/9 | AD6: 17/9 | AE6: 4/9
A7: 1 | B7: 23055 | C7: LEE HONG JUN | D7: 李弘筠 | E7: LH | F7: S1A | H7: 1 | I7: 1 | J7: 1 | K7: 1 | L7: 1 | M7: 公假 | N7: 1 | O7: 1 | P7: 1 | Q7: 公假 | R7: 公假 | S7: 1 | T7: 退出
A8: 2 | B8: 23456 | C8: LOH JUN YUAN | D8: 老俊源 | E8: L | F8: S1A | H8: 事假 | I8: 1 | J8: 1 | K8: 1 | L8: 1 | M8: 公假 | N8: 1 | O8: 1 | P8: 1 | Q8: 1 | R8: 1 | S8: 1 | T8: 1 | U8: 1 | V8: 1 | W8: 1 | X8: 1 | Y8: 1 | Z8: 1 | AA8: 1 | AB8: 1 | AC8: 1 | AD8: 1 | AE8: 1
A9: 3 | B9: 23094 | C9: CHEE JING HENG | D9: 朱劲衡 | E9: L | F9: S1A | H9: 1 | I9: 1 | J9: 1 | K9: 1 | L9: 1 | M9: 1 | N9: 1 | O9: 1 | P9: 1 | Q9: 1 | R9: 1 | S9: 1 | T9: 1 | U9: 1 | V9: 1 | W9: 1 | X9: 1 | Y9: 1 | Z9: 1 | AA9: 1 | AB9: 1 | AC9: 1 | AD9: 1 | AE9: 1
A10: 4 | B10: 23061 | C10: THAM CHEN-EN | D10: 谭丞恩 | E10: LH | F10: S1B | H10: 1 | I10: 1 | J10: 1 | K10: 1 | L10: 1 | M10: 1 | N10: 1 | O10: 1 | P10: 1 | Q10: 1 | R10: 1 | S10: 1 | T10: 1 | U10: 1 | V10: 1 | W10: 1 | X10: 1 | Y10: 1 | Z10: 1 | AA10: 1 | AB10: 1 | AC10: 1 | AD10: 1 | AE10: 1
A11: 5 | B11: 23082 | C11: CHUA TIAN JIAN | D11: 蔡天坚 | E11: L | F11: S1B | H11: 1 | I11: 1 | J11: 1 | K11: 1 | L11: 1 | M11: 1 | N11: 1 | O11: 1 | P11: 1 | Q11: 1 | R11: 1 | S11: 1 | T11: 1 | U11: 1 | V11: 1 | W11: 1 | X11: 1 | Y11: 1 | Z11: 1 | AA11: 1 | AB11: 1 | AC11: 1 | AD11: 1 | AE11: 1
A12: 6 | B12: 23486 | C12: DARREN LIM JIA YI | D12: 林家毅 | E12: LH | F12: S1B | H12: 1 | I12: 1 | J12: 1 | K12: 1 | L12: 1 | M12: 1 | N12: 1 | O12: 1 | P12: 1 | Q12: 1 | R12: 1 | S12: 1 | T12: 1 | U12: 1 | V12: 1 | W12: 1 | X12: 1 | Y12: 1 | Z12: 1 | AA12: 1 | AB12: 1 | AC12: 1 | AD12: 1 | AE12: 1
A13: 7 | B13: 23070 | C13: LAM YOU JUN | D13: 林有俊 | E13: L | F13: S1B | H13: 1 | I13: 1 | J13: 1 | K13: 1 | L13: 1 | M13: 1 | N13: 1 | O13: 1 | P13: 1 | Q13: 1 | R13: 1 | S13: 1 | T13: 1 | U13: 1 | V13: 1 | W13: 1 | X13: 1 | Y13: 1 | Z13: 1 | AA13: 1 | AB13: 1 | AC13: 1 | AD13: 1 | AE13: 1
A14: 8
A15: 9
A16: 10
A17: 11
A18: 12
A19: 13
A20: 14
A22: 16
A23: 17
A24: 18
A25: 19
A26: 20
... A46: 40

Sheet 高二、高三数学校队 蔡康壮
A1: 科目： | C1: 高二、三数学校队 | H1: 男 | J1: 女
A2: 时段: | C2: ='选修课表清单'!E27 -> Friday / 15:40~16:50 | G2: 走/宿 | H2: L | I2: LH | J2: P | K2: PH | L2: 总计
A3: 地点： | C3: ='选修课表清单'!F27 -> A306 | G3: 人数 | H3: =COUNTIF($E:$E,"L") -> 12 | I3: =COUNTIF($E:$E,"LH") -> 6 | J3: =COUNTIF($E:$E,"P") -> 8 | K3: =COUNTIF($E:$E,"PH") -> 3 | L3: =H4+J4 -> 29
A4: 老师： | C4: ='选修课表清单'!C27 -> 蔡康壮 | G4: 合计 | H4: =SUM(H3:I3) -> 18 | J4: =SUM(J3:K3) -> 11
H5: ⬇️ | I5: "Please start entering the class dates from cell H6."
A6: No. | B6: AMD | C6: Name | D6: 姓名 | E6: 走宿 | F6: 班級 | G6: 承诺书 | H6: 6/2 | I6: 26/2 | J6: 6/3 | K6: 3/4 | L6: 10/4 | M6: 17/4 | N6: 24/4 | O6: 12/6 | P6: 19/6 | Q6: 26/6 | R6: 3/7 | S6: 10/7 | T6: 17/7 | U6: 31/7 | V6: 7/8 | W6: 14/8 | X6: 21/8 | Y6: 28/8 | Z6: 11/9 | AA6: 18/9
A7: 1 | B7: 22140 | C7: HEW WEN BIN | D7: 丘文彬 | E7: L | F7: S2A | H7: 1 | I7: 1 | J7: 1 | K7: 1 | L7: 1 | M7: 1 | N7: 1 | O7: 1 | P7: 1 | Q7: 1 | R7: 1 | S7: 1 | T7: 1 | V7: 1 | W7: 1 | X7: 1 | Y7: 1 | Z7: 1 | AA7: 1
A8: 2 | B8: 22017 | C8: LIM ZHI CHENG | D8: 林志诚 | E8: L | F8: S2A | H8: 1 | I8: 1 | J8: 1 | K8: 1 | L8: 病假 | M8: 1 | N8: 1 | O8: 1 | P8: 1 | Q8: 1 | R8: 1 | S8: 1 | T8: 1 | V8: 1 | W8: 1 | X8: 1 | Y8: 1 | Z8: 1 | AA8: 1
A9: 3 | B9: 22066 | C9: CHAN ZHIN HANN | D9: 陈婧涵 | E9: PH | F9: S2A | H9: 1 | I9: 1 | J9: 1 | K9: 1 | L9: 1 | M9: 1 | N9: 1 | O9: 1 | P9: 1 | Q9: 1 | R9: 1 | S9: 1 | T9: 1 | V9: 1 | W9: 1 | X9: 1 | Y9: 1 | Z9: 1 | AA9: 1
A10: 4 | B10: 22070 | C10: LEE JIA QI | D10: 李家齐 | E10: LH | F10: S2A | H10: 1 | I10: 1 | J10: 1 | K10: 1 | L10: 1 | M10: 1 | N10: 1 | O10: 1 | P10: 1 | Q10: 1 | R10: 1 | S10: 1 | T10: 1 | V10: 1 | W10: 1 | X10: 1 | Y10: 1 | Z10: 1 | AA10: 1
A11: 5 | B11: 22112 | C11: TAN GIN EAN | D11: 陈竞渊 | E11: LH | F11: S2A | H11: 1 | I11: 1 | J11: 1 | K11: 1 | L11: 1 | M11: 1 | N11: 1 | O11: 1 | P11: 1 | Q11: 1 | R11: 1 | S11: 1 | T11: 1 | V11: 1 | W11: 1 | X11: 1 | Y11: 1 | Z11: 1 | AA11: 1
A12: 6 | B12: 22257 | C12: TAN WEN KANG | D12: 陈文康 | E12: L | F12: S2B | H12: 1 | I12: 1 | J12: 1 | K12: 1 | L12: 1 | M12: 1 | N12: 1 | O12: 1 | P12: 1 | Q12: 1 | R12: 1 | S12: 1 | T12: 1 | V12: 1 | W12: 1 | X12: 1 | Y12: 1 | Z12: 1 | AA12: 1
A13: 7 | B13: 22009 | C13: PHANG JIAN YOU | D13: 彭健祐 | E13: L | F13: S2B | H13: 1 | I13: 1 | J13: 1 | K13: 1 | L13: 1 | M13: 1 | N13: 1 | O13: 1 | P13: 1 | Q13: 1 | R13: 1 | S13: 1 | T13: 1 | V13: 1 | W13: 1 | X13: 1 | Y13: 1 | Z13: 1 | AA13: 1
A14: 8 | B14: 22385 | C14: IVAN LEE SENG JUN | D14: 李诚俊 | E14: L | F14: S2B | H14: 1 | I14: 1 | J14: 1 | K14: 1 | L14: 1 | M14: 1 | N14: 1 | O14: 1 | P14: 1 | Q14: 1 | R14: 1 | S14: 1 | T14: 1 | V14: 1 | W14: 1 | X14: 1 | Y14: 1 | Z14: 1 | AA14: 1
A15: 9 | B15: 22016 | C15: LIEW YU QUAN | D15: 劉祐銓 | E15: L | F15: S2B | H15: 1 | I15: 1 | J15: 1 | K15: 1 | L15: 1 | M15: 1 | N15: 1 | O15: 1 | P15: 1 | Q15: 1 | R15: 1 | S15: 1 | T15: 1 | V15: 1 | W15: 1 | X15: 1 | Y15: 1 | Z15: 1 | AA15: 1
A16: 10 | B16: 22071 | C16: CLEMENT LIM KAI ENG | D16: 林凯恩 | E16: L | F16: S2B | H16: 1 | I16: 1 | J16: 1 | K16: 1 | L16: 1 | M16: 1 | N16: 1 | O16: 1 | P16: 1 | Q16: 1 | R16: 1 | S16: 1 | T16: 1 | V16: 1 | W16: 1 | X16: 1 | Y16: 1 | Z16: 1 | AA16: 1
A17: 11 | B17: 22339 | C17: CHONG JUN HER | D17: 章浚赫 | E17: LH | F17: S2B | H17: 1 | I17: 1 | J17: 1 | K17: 1 | L17: 1 | M17: 1 | N17: 1 | O17: 1 | P17: 1 | Q17: 1 | R17: 退出 | S17: 退出
A18: 12 | B18: 22038 | C18: TAN KAI CONG | D18: 陈楷潨 | E18: LH | F18: S2B | H18: 1 | I18: 1 | J18: 1 | K18: 1 | L18: 1 | M18: 1 | N18: 1 | O18: 1 | P18: 1 | Q18: 1 | R18: 1 | S18: 1 | T18: 1 | V18: 1 | W18: 1 | X18: 1 | Y18: 1 | Z18: 1 | AA18: 1
A19: 13 | B19: 22007 | C19: MELVA LIM QIAN TONG | D19: 林芊彤 | E19: P | F19: S2B | H19: 1 | I19: 1 | J19: 1 | K19: 1 | L19: 公假 | M19: 1 | N19: 1 | O19: 1 | P19: 1 | Q19: 1 | R19: 退出 | S19: 退出
A20: 14 | B20: 22128 | C20: CHEOK KANG XUAN | D20: 石康璇 | E20: P | F20: AC2A | H20: 1 | I20: 1 | J20: 病假 | K20: 1 | L20: 1 | M20: 1 | N20: 1 | O20: 1 | P20: 1 | Q20: 公假 | R20: 病假 | S20: 病假 | T20: 公假 | V20: 1 | W20: 1 | X20: 1 | Y20: 1 | Z20: 1 | AA20: 1
A21: 15 | B21: 22411 | C21: SEE JIA LE | D21: 徐嘉乐 | E21: LH | F21: C2A | H21: 1 | I21: 1 | J21: 1 | K21: 1 | L21: 1 | M21: 1 | N21: 1 | O21: 补考 | P21: 1 | Q21: 1 | R21: 1 | S21: 1 | T21: 1 | V21: 1 | W21: 1 | X21: 1 | Y21: 1 | Z21: 1 | AA21: 1
A22: 16 | B22: 21060 | C22: LEONG CYRENE | D22: 梁瑄凌 | E22: P | F22: S3A | H22: 1 | I22: 1 | J22: 1 | K22: 1 | L22: 1 | M22: 1 | N22: 1 | O22: 1 | P22: 1 | Q22: 1 | R22: 1 | S22: 1 | T22: 1 | U22: 1 | V22: 1 | W22: 1 | X22: 1 | Y22: 1 | Z22: 1 | AA22: 1
A23: 17 | B23: 21180 | C23: TOH YU YANG | D23: 杜育扬 | E23: LH | F23: S3A | H23: 1 | I23: 1 | J23: 1 | K23: 1 | L23: 1 | M23: 1 | N23: 1 | O23: 1 | P23: 1 | Q23: 1 | R23: 1 | S23: 1 | T23: 1 | U23: 1 | V23: 1 | W23: 1 | X23: 公假 | Y23: 1 | Z23: 1 | AA23: 1
A24: 18 | B24: 21006 | C24: POO SHI MO | D24: 符世墨 | E24: L | F24: S3A | H24: 1 | I24: 1 | J24: 1 | K24: 1 | L24: 1 | M24: 1 | N24: 1 | O24: 1 | P24: 1 | Q24: 1 | R24: 1 | S24: 1 | T24: 1 | U24: 1 | V24: 1 | W24: 1 | X24: 1 | Y24: 1 | Z24: 1 | AA24: 1
A25: 19 | B25: 21001 | C25: FOONG ZI XUAN | D25: 冯梓轩 | E25: L | F25: S3A | H25: 1 | I25: 1 | J25: 1 | K25: 1 | L25: 1 | M25: 1 | N25: 1 | O25: 1 | P25: 1 | Q25: 1 | R25: 1 | S25: 1 | T25: 1 | U25: 1 | V25: 1 | W25: 1 | X25: 1 | Y25: 1 | Z25: 1 | AA25: 1
A26: 20 | B26: 21049 | C26: LIM YUN YING | D26: 林蕴颖 | E26: P | F26: S3A | H26: 1 | I26: 1 | J26: 1 | K26: 1 | L26: 1 | M26: 1 | N26: 1 | O26: 1 | P26: 1 | Q26: 1 | R26: 1 | S26: 1 | T26: 公假 | U26: 1 | V26: 1 | W26: 街舞比赛 | X26: 1 | Y26: 1 | Z26: 1 | AA26: 1
A27: 21 | B27: 21010 | C27: RENAE LEE SZI RUI | D27: 李思睿 | E27: P | F27: S3A | H27: 1 | I27: 1 | J27: 1 | K27: 1 | L27: 1 | M27: 1 | N27: 1 | O27: 1 | P27: 1 | Q27: 1 | R27: 1 | S27: 1 | T27: 1 | U27: 1 | V27: 公假 | W27: 1 | X27: 病假 | Y27: 1 | Z27: 病假 | AA27: 病假
A28: 22 | B28: 21019 | C28: TAN YIN YAN | D28: 陈映燕 | E28: P | F28: S3A | H28: 1 | I28: 1 | J28: 1 | K28: 1 | L28: 1 | M28: 1 | N28: 1 | O28: 1 | P28: 1 | Q28: 1 | R28: 1 | S28: 结业
A29: 23 | B29: 22547 | C29: PANG TZE YINN | D29: 冯诗穎 | E29: PH | F29: S3B | H29: 1 | I29: 1 | J29: 1 | K29: 病假 | L29: 1 | M29: 1 | N29: 1 | O29: 1 | P29: 1 | Q29: 1 | R29: 1 | S29: 1 | T29: 1 | U29: 1 | V29: 1 | W29: 1 | X29: 1 | Y29: 1 | Z29: 1 | AA29: 1
A30: 24 | B30: 21520 | C30: OW KA EE | D30: 胡嘉钰 | E30: PH | F30: S3B | H30: 1 | I30: 1 | J30: 1 | K30: 1 | L30: 1 | M30: 1 | N30: 1 | O30: 1 | P30: 1 | Q30: 1 | R30: 1 | S30: 1 | T30: 1 | U30: 1 | V30: 1 | W30: 1 | X30: 1 | Y30: 1 | Z30: 1 | AA30: 病假
A31: 25 | B31: 21062 | C31: LIM ZHEN XIN | D31: 林正鑫 | E31: L | F31: S3B | H31: 1 | I31: 1 | J31: 1 | K31: 1 | L31: 1 | M31: 1 | N31: 1 | O31: 1 | P31: 1 | Q31: 1 | R31: 1 | S31: 1 | T31: 1 | U31: 1 | V31: 1 | W31: 1 | X31: 1 | Y31: 1 | Z31: 1 | AA31: 病假
A32: 26 | B32: 21021 | C32: CHAN JIE YEE | D32: 曾洁瑜 | E32: P | F32: S3B | H32: 1 | I32: 1 | J32: 1 | K32: 1 | L32: 1 | M32: 1 | N32: 1 | O32: 1 | P32: 1 | Q32: 1 | R32: 1 | S32: 1 | T32: 1 | U32: 1 | V32: 1 | W32: 1 | X32: 1 | Y32: 1 | Z32: 1 | AA32: 1
A33: 27 | B33: 21082 | C33: CHENG XIANG LIN | D33: 曾翔麟 | E33: L | F33: S3B | H33: 1 | I33: 1 | J33: 1 | K33: 1 | L33: 1 | M33: 1 | N33: 1 | O33: 结业
A34: 28 | B34: 21007 | C34: WONG YU ZHE | D34: 黄于哲 | E34: L | F34: S3B | H34: 1 | I34: 1 | J34: 1 | K34: 1 | L34: 1 | M34: 1 | N34: 1 | O34: 1 | P34: 1 | Q34: 1 | R34: 1 | S34: 1 | T34: 1 | U34: 1 | V34: 1 | W34: 1 | X34: 1 | Y34: 1 | Z34: 1 | AA34: 1
A35: 29 | B35: 21042 | C35: SIOW YU XUAN | D35: 萧宇瑄 | E35: P | F35: C3A | H35: 1 | I35: 1 | J35: 1 | K35: 1 | L35: 1 | M35: 1 | N35: 1 | O35: 1 | P35: 1 | Q35: 1 | R35: 1 | S35: 1 | T35: 1 | U35: 1 | V35: 1 | W35: 病假 | X35: 公假 | Y35: 1 | Z35: 1 | AA35: 1
A36: 30
A37: 31
A38: 32
A39: 33
A40: 34
A41: 35
A42: 36
A43: 37
A44: 38
A45: 39
A46: 40

Sheet U1A 美术-陈彩韵
A1: 科目： | C1: U1A美术 | H1: 男 | J1: 女
A2: 时段: | C2: ='选修课表清单'!E4 -> Thursday / 14:30~15:40 | G2: 走/宿 | H2: L | I2: LH | J2: P | K2: PH | L2: 总计
A3: 地点： | C3: ='选修课表清单'!F4 -> A406 | G3: 人数 | H3: =COUNTIF($E:$E,"L") -> 5 | I3: =COUNTIF($E:$E,"LH") -> 3 | J3: =COUNTIF($E:$E,"P") -> 6 | K3: =COUNTIF($E:$E,"PH") -> 2 | L3: =H4+J4 -> 16
A4: 老师： | C4: ='选修课表清单'!C4 -> 陈彩韵 | G4: 合计 | H4: =SUM(H3:I3) -> 8 | J4: =SUM(J3:K3) -> 8
H5: ⬇️ | I5: "Please start entering the class dates from cell H6."
A6: No. | B6: ADM. | C6: Name | D6: 姓名 | E6: 性别 | F6: 班级 | G6: 承诺书 | H6: 22/1 | I6: 29/1
A7: 1 | B7: 22174 | C7: TAN CHEE YANG | D7: 陈子洋 | E7: LH | F7: U1A | H7: 1
A8: 2 | B8: 22202 | C8: VINCENT KOW LEE WEI | D8: 高笠为 | E8: LH | F8: U1A | H8: 1
A9: 3 | B9: 23107 | C9: SHAM KEAN FOONG | D9: 覃健峰 | E9: LH | F9: U1A | H9: 1
A10: 4 | B10: 23181 | C10: OOI EJING | D10: 黄鈺晶 | E10: PH | F10: U1A | H10: 1
A11: 5 | B11: 23215 | C11: TEO HAOJIN | D11: 张皓竣 | E11: L | F11: U1A | H11: 1
A12: 6 | B12: 23247 | C12: LAI YU XUAN | D12: 赖妤璇 | E12: P | F12: U1A | H12: 1
A13: 7 | B13: 23297 | C13: TUNG KAI XUAN | D13: 邓恺萱 | E13: P | F13: U1A | H13: 1
A14: 8 | B14: 23352 | C14: CHONG ZHENG YAN | D14: 张津益 | E14: L | F14: U1A | H14: 1
A15: 9 | B15: 23365 | C15: THOO LI YUN | D15: 杜丽云 | E15: P | F15: U1A | H15: 1
A16: 10 | B16: 23387 | C16: VIVIAN HO XIN YE | D16: 何欣怡 | E16: PH | F16: U1A | H16: 1
A17: 11 | B17: 23468 | C17: YEE XIN RU | D17: 余欣洳 | E17: P | F17: U1A | H17: 1
A18: 12 | B18: 23507 | C18: CHENG ZHI HONG | D18: 曾子康 | E18: L | F18: U1A | H18: 1
... A22: 16 | B22: 26454 | C22: HUM WAI WENG | D22: 谭伟荣 | E22: L | F22: U1A | H22: 1
A23: 17
A24: 18
A25: 19
A26: 20
A27: 21
A28: 22
A29: 23
A30: 24
A31: 25
A32: 26
A33: 27
A34: 28
... A46: 40

Sheet 高一 SPM AddMath 温添发
A1: 科目： | C1: 高一 ADDMath | H1: 男 | J1: 女
A2: 时段: | C2: ='选修课表清单'!E8 -> Tuesday / 16:15~17:25 & Wednesday 16:15~17:25 | G2: 走/宿 | H2: L | I2: LH | J2: P | K2: PH | L2: 总计
A3: 地点： | C3: ='选修课表清单'!F8 -> A301 | G3: 人数 | H3: =COUNTIF($E:$E,"L") -> 7 | I3: =COUNTIF($E:$E,"LH") -> 9 | J3: =COUNTIF($E:$E,"P") -> 11 | K3: =COUNTIF($E:$E,"PH") -> 5 | L3: =H4+J4 -> 32
A4: 老师： | C4: ='选修课表清单'!C8 -> 温添发 | G4: 合计 | H4: =SUM(H3:I3) -> 16 | J4: =SUM(J3:K3) -> 16
H5: ⬇️ | I5: "Please start entering the class dates from cell H6."
A6: No. | B6: ADM. | C6: Name | D6: 姓名 | E6: 性别 | F6: 班级 | G6: 承诺书 | H6: 20/1 | I6: 21/1 | J6: 27/1 | K6: 28/1 | L6: 3/2 | M6: 4/2 | N6: 10/2 | O6: 11/2 | P6: 24/2 | Q6: 25/2 | R6: 3/3 | S6: 4/3 | T6: 31/3 | U6: 1/4
A7: 1 | B7: 23195 | C7: GAN JUN HONG | D7: 颜寯浤 | E7: LH | F7: AC1A | H7: 1 | I7: 1 | J7: 1 | K7: 1 | L7: 1 | M7: 1 | N7: 1 | O7: 1 | P7: 1 | Q7: 1 | R7: 1 | S7: 1 | T7: 1 | U7: 1
A8: 2 | B8: 23280 | C8: TENG WEN BIN | D8: 邓文彬 | E8: LH | F8: AC1A | H8: 1 | I8: 1 | J8: 1 | K8: 1 | L8: 1 | M8: 1 | N8: 1 | O8: 1 | P8: 1 | Q8: 1 | R8: 1 | S8: 1 | T8: 1 | U8: 1
A9: 3 | B9: 23029 | C9: CHEN JIA XIN | D9: 曾佳杏 | E9: P | F9: C1A | H9: 1 | I9: 1 | J9: 1 | K9: 1 | L9: 1 | M9: 1 | N9: 1 | O9: 1 | P9: 1 | Q9: 1 | R9: 1 | S9: 1 | T9: 1 | U9: 1
A10: 4 | B10: 23040 | C10: KHOO EE LIN | D10: 邱以琳 | E10: P | F10: C1A | H10: 1 | I10: 1 | J10: 1 | K10: 1 | L10: 1 | M10: 1 | N10: 1 | O10: 1 | P10: 1 | Q10: 1 | R10: 1 | S10: 1 | T10: 1 | U10: 1
A11: 5 | B11: 23056 | C11: SELINA LU SHI TING | D11: 卢诗婷 | E11: P | F11: C1A | H11: 1 | I11: 1 | J11: 1 | K11: 1 | L11: 1 | M11: 1 | N11: 1 | O11: 1 | P11: 1 | Q11: 1 | R11: 1 | S11: 1 | T11: 1 | U11: 1
A12: 6 | B12: 23068 | C12: YOU IE JEAN | D12: 余宜静 | E12: PH | F12: C1A | H12: 1 | I12: 1 | J12: 1 | K12: 1 | L12: 1 | M12: 1 | N12: 1 | O12: 1 | P12: 1 | Q12: 1 | R12: 1 | S12: 1 | T12: 1 | U12: 1
A13: 7 | B13: 23226 | C13: LOW CHEE HAO | D13: 刘子豪 | E13: LH | F13: C1A | H13: 1 | I13: 1 | J13: 1 | K13: 1 | L13: 1 | M13: 1 | N13: 1 | O13: 1 | P13: 1 | Q13: 1 | R13: 1 | S13: 1 | T13: 1 | U13: 1
A14: 8 | B14: 23238 | C14: WANG KAR WEI | D14: 王家玮 | E14: L | F14: C1A | H14: 1 | I14: 1 | J14: 1 | K14: 1 | L14: 1 | M14: 1 | N14: 1 | O14: 1 | P14: 1 | Q14: 1 | R14: 1 | S14: 1 | T14: 1 | U14: 1
A15: 9 | B15: 23377 | C15: SHAWN OOI JUN HAO | D15: 黄俊皓 | E15: L | F15: C1A | H15: 1 | I15: 1 | J15: 1 | K15: 1 | L15: 1 | M15: 1 | N15: 1 | O15: 1 | P15: 1 | Q15: 1 | R15: 1 | S15: 1 | T15: 1 | U15: 1
A16: 10 | B16: 23499 | C16: LIM ZHYI JACK | D16: 林资杰 | E16: LH | F16: C1A | H16: 1 | I16: 1 | J16: 1 | K16: 1 | L16: 1 | M16: 1 | N16: 1 | O16: 1 | P16: 1 | Q16: 1 | R16: 1 | S16: 1 | T16: 1 | U16: 1
A17: 11 | B17: 23012 | C17: CHOONG ZI YI | D17: 钟子怡 | E17: P | F17: C1B | H17: 1 | I17: 1 | J17: 1 | K17: 1 | L17: 1 | M17: 1 | N17: 1 | O17: 1 | P17: 1 | Q17: 1 | R17: 1 | S17: 1 | T17: 1 | U17: 1
A18: 12 | B18: 23018 | C18: WO JIA YING | D18: 胡珈郢 | E18: P | F18: C1B | H18: 1 | I18: 1 | J18: 1 | K18: 1 | L18: 1 | M18: 1 | N18: 1 | O18: 1 | P18: 1 | Q18: 1 | R18: M | S18: M | T18: 1 | U18: 1
A19: 13 | B19: 23030 | C19: THAM KAH JUN | D19: 覃嘉俊 | E19: LH | F19: C1B | H19: 1 | I19: 1 | J19: 1 | K19: 1 | L19: 1 | M19: 1 | N19: 1 | O19: 1 | P19: 1 | Q19: 1 | R19: 1 | S19: 1 | T19: 1 | U19: 1
A20: 14 | B20: 23045 | C20: TAN QING SHIN | D20: 陈晴心 | E20: P | F20: C1B | H20: 1 | I20: 1 | J20: 1 | K20: 1 | L20: 1 | M20: 1 | N20: 1 | O20: 1 | P20: 1 | Q20: 1 | R20: 1 | S20: 1 | T20: 1 | U20: 1
A21: 15 | B21: 23110 | C21: LIM ZHENG WEI | D21: 林政諱 | E21: LH | F21: C1B | H21: 1 | I21: 1 | J21: 1 | K21: 1 | L21: 1 | M21: 1 | N21: 1 | O21: 1 | P21: 1 | Q21: 1 | R21: 1 | S21: 1 | T21: 1 | U21: 1
A22: 16 | B22: 23115 | C22: XAVIER LAI GUAN QUAN | D22: 赖冠全 | E22: LH | F22: C1B | H22: 1 | I22: 1 | J22: 1 | K22: 1 | L22: 1 | M22: 1 | N22: 1 | O22: 1 | P22: 1 | Q22: 1 | R22: 1 | S22: 1 | T22: 1 | U22: 1
A23: 17 | B23: 23200 | C23: LEE ZI HIM | D23: 李子谦 | E23: L | F23: C1B | H23: 1 | I23: 1 | J23: 1 | K23: 1 | L23: 1 | M23: 1 | N23: 1 | O23: 1 | P23: 1 | Q23: 1 | R23: 1 | S23: 1 | T23: 1 | U23: 1
A24: 18 | B24: 23227 | C24: ONG KAH HENG | D24: 王家兴 | E24: LH | F24: C1B | H24: 1 | I24: 1 | J24: 1 | K24: 1 | L24: 1 | M24: 1 | N24: 1 | O24: 1 | P24: 1 | Q24: G | R24: 1 | S24: 1 | T24: 1 | U24: 1
A25: 19 | B25: 23242 | C25: LEE WYE KEI MIRACLE | D25: 李慰琦 | E25: PH | F25: C1B | H25: 1 | I25: 1 | J25: 1 | K25: 1 | L25: 1 | M25: 1 | N25: 1 | O25: 1 | P25: 1 | Q25: 1 | R25: M | S25: M | T25: 1 | U25: 1
A26: 20 | B26: 23272 | C26: LIM HUI LI | D26: 林慧丽 | E26: P | F26: C1B | H26: 1 | I26: 1 | J26: 1 | K26: 1 | L26: 1 | M26: 1 | N26: 1 | O26: M | P26: 1 | Q26: 1 | R26: 1 | S26: 1 | T26: 1 | U26: 1
A27: 21 | B27: 23342 | C27: KHOO MIN HUI | D27: 邱忞泋 | E27: P | F27: C1B | H27: 1 | I27: 1 | J27: 1 | K27: 1 | L27: 1 | M27: 1 | N27: 1 | O27: 1 | P27: 1 | Q27: 1 | R27: 1 | S27: 1 | T27: 1 | U27: 1
A28: 22 | B28: 23373 | C28: CHARLOTTE CHIN YU XUEN | D28: 陈瑜譞 | E28: P | F28: C1B | H28: 1 | I28: 1 | J28: 1 | K28: 1 | L28: 1 | M28: M | N28: 1 | O28: 1 | P28: 1 | Q28: 1 | R28: M | S28: M | T28: 1 | U28: 1
A29: 23 | B29: 23425 | C29: LAW ZI HUI | D29: 陆耔汇 | E29: PH | F29: C1B | H29: 1 | I29: 1 | J29: 1 | K29: 1 | L29: 1 | M29: 1 | N29: 1 | O29: 1 | P29: 1 | Q29: 1 | R29: 1 | S29: 1 | T29: 1 | U29: 1
A30: 24 | B30: 23451 | C30: TAN XIU LI | D30: 陈秀莉 | E30: PH | F30: C1B | H30: 1 | I30: 1 | J30: 1 | K30: 1 | L30: 1 | M30: 1 | N30: 1 | O30: 1 | P30: 1 | Q30: 1 | R30: 1 | S30: 1 | T30: 1 | U30: 1
A31: 25 | B31: 23553 | C31: YAP ZI YING | D31: 叶芷郢 | E31: P | F31: C1B | H31: 1 | I31: 1 | J31: 1 | K31: 1 | L31: 1 | M31: 1 | N31: 1 | O31: 1 | P31: 1 | Q31: G | R31: 1 | S31: 1 | T31: 1 | U31: 1
A32: 26 | B32: 23341 | C32: LEE JUN YUNG | D32: 李俊澭 | E32: LH | F32: C1C | H32: 1 | I32: 1 | J32: 1 | K32: 1 | L32: 1 | M32: 1 | N32: 1 | O32: 1 | P32: 1 | Q32: G | R32: 1 | S32: 1 | T32: 1 | U32: 1
A33: 27 | B33: 23441 | C33: IVAN YAM KEE ONN | D33: 任祈銨 | E33: L | F33: C1C | H33: 1 | I33: 1 | J33: 1 | K33: 1 | L33: 1 | M33: 1 | N33: 1 | O33: 1 | P33: 1 | Q33: 1 | R33: 1 | S33: 1 | T33: 1 | U33: 1
A34: 28 | B34: 23173 | C34: CHAN XIN NING | D34: 陈星宁 | E34: P | F34: C1E | H34: 1 | I34: 1 | J34: 1 | K34: 1 | L34: 1 | M34: 1 | N34: 1 | O34: 1 | P34: 1 | Q34: G | R34: 1 | S34: 1 | T34: 1 | U34: 1
A35: 29 | B35: 23417 | C35: CARRICK KAW ZHI JUN | D35: 邱子峻 | E35: L | F35: C1E | H35: 1 | I35: 1 | J35: 1 | K35: 1 | L35: 1 | M35: 1 | N35: 1 | O35: 1 | P35: 1 | Q35: G | R35: 1 | S35: 1 | T35: 1 | U35: 1
A36: 30 | B36: 23444 | C36: ALOYSIUS TAN ZHI KUAN | D36: 陈旨宽 | E36: L | F36: C1E | H36: 1 | I36: 1 | J36: 1 | K36: 1 | L36: 1 | M36: 1 | N36: 1 | O36: 1 | P36: 1 | Q36: 1 | R36: 1 | S36: 1 | T36: 1 | U36: 1
A37: 31 | B37: 23113 | C37: LIEW XIN YEE | D37: 刘馨怡 | E37: PH | F37: C1F | H37: 1/4/2026 从 S1B 转班到 C1F | U37: 1
A38: 32 | B38: 23170 | C38: TEO ZHI XIANG | D38: 张智翔 | E38: L | F38: C1F | H38: 1 | I38: 1 | J38: 1 | K38: 1 | L38: 1 | M38: 1 | N38: 1 | O38: 1 | P38: 1 | Q38: G | R38: 1 | S38: 1 | T38: 1 | U38: 1
A39: 33
A40: 34
A41: 35
A42: 36
A43: 37
A44: 38
A45: 39
A46: 40

Sheet 高一华文文学 曾奂焜
A1: 科目： | C1: 高一华文文学 | H1: 男 | J1: 女
A2: 时段: | C2: ='选修课表清单'!E5 -> Tuesday / 16:15~16:50 & Thursday / 15:40~16:50 | G2: 走/宿 | H2: L | I2: LH | J2: P | K2: PH | L2: 总计
A3: 地点： | C3: ='选修课表清单'!F5 -> A307 | G3: 人数 | H3: =COUNTIF($E:$E,"L") -> 7 | I3: =COUNTIF($E:$E,"LH") -> 6 | J3: =COUNTIF($E:$E,"P") -> 10 | K3: =COUNTIF($E:$E,"PH") -> 5 | L3: =H4+J4 -> 28
A4: 老师： | C4: ='选修课表清单'!C5 -> 曾奂焜 | G4: 合计 | H4: =SUM(H3:I3) -> 13 | J4: =SUM(J3:K3) -> 15
H5: ⬇️ | I5: "Please start entering the class dates from cell H6."
A6: No. | B6: ADM. | C6: Name | D6: 姓名 | E6: 性别 | F6: 班级 | G6: 承诺书 | H6: 20/1 | I6: 22/1 | J6: 27/1 | K6: 29/1 | L6: 3/2 | M6: 5/2 | N6: 10/2 | O6: 12/2 | P6: 24/2 | Q6: 26/2 | R6: 3/3 | S6: 5/3 | T6: 31/3 | U6: 2/4 | V6: 7/4 | W6: 9/4 | X6: 14/4 | Y6: 16/4 | Z6: 21/4 | AA6: 23/4 | AB6: 28/4 | AC6: 30/4 | AD6: 5/5 | AE6: 7/5 | AF6: 12/5 | AG6: 9/6 | AH6: 11/6 | AI6: 16/6 | AJ6: 18/6 | AK6: 23/6 | AL6: 25/6 | AM6: 30/6 | AN6: 2/7 | AO6: 9/7 | AP6: 14/7 | AQ6: 16/7 | AR6: 21/7 | AS6: 23/7 | AT6: 27/7 | AU6: 30/7 | AV6: 4/8 | AW6: 6/8 | AX6: 11/8 | AY6: 13/8 | AZ6: 20/8 | BA6: 25/8 | BB6: 8/9 | BC6: 10/9 | BD6: 15/9 | BE6: 17/9 | BF6: 22/9 | BG6: 24/9 | BH6: 29/9
A7: 1 | B7: 23037 | C7: LEE DI MING | D7: 李迪銘 | E7: LH | F7: S1A | H7: 1 | I7: 1 | J7: 1 | K7: 1 | L7: 1 | M7: 1 | N7: 1 | O7: 1 | P7: 1 | Q7: 1 | R7: 1 | S7: 1 | T7: 1 | U7: G | V7: 1 | W7: 1 | X7: 1 | Y7: 1 | Z7: 1 | AA7: 1 | AB7: 1 | AC7: 1 | AD7: 1 | AE7: 1 | AF7: 1 | AG7: 1 | AH7: 1 | AI7: 1 | AJ7: 1 | AK7: 1 | AL7: 1 | AM7: 1 | AN7: 1 | AO7: 1 | AP7: 1 | AQ7: 1 | AR7: 1 | AS7: 1 | AT7: 1 | AU7: 1 | AV7: 1 | AW7: 1 | AX7: 1 | AY7: 1 | AZ7: 1 | BA7: 1 | BB7: 1 | BC7: 1 | BD7: 1 | BE7: 1 | BF7: 1 | BG7: 1 | BH7: 1
A8: 2 | B8: 23097 | C8: CHEN SHUN QUAN | D8: 曾顺泉 | E8: LH | F8: S1A | H8: 1 | I8: 1 | J8: 1 | K8: 1 | L8: 1 | M8: 1 | N8: 1 | O8: 1 | P8: 1 | Q8: 1 | R8: 1 | S8: 1 | T8: 1 | U8: 1 | V8: 1 | W8: 1 | X8: 1 | Y8: 1 | Z8: 1 | AA8: 1 | AB8: 1 | AC8: 1 | AD8: 1 | AE8: 1 | AF8: 1 | AG8: 1 | AH8: 1 | AI8: 1 | AJ8: 1 | AK8: 1 | AL8: 1 | AM8: 1 | AN8: 1 | AO8: 1 | AP8: 1 | AQ8: 1 | AR8: 1 | AS8: 1 | AT8: 1 | AU8: 1 | AV8: 1 | AW8: 1 | AX8: 1 | AY8: 1 | AZ8: 1 | BA8: 1 | BB8: 1 | BC8: 1 | BD8: 1 | BE8: 1 | BF8: 1 | BG8: 1 | BH8: 1
A9: 3 | B9: 23353 | C9: LEE JUN YIT | D9: 吕俊毅 | E9: L | F9: C1E | H9: 1 | I9: 1 | J9: 1 | K9: 1 | L9: 1 | M9: 1 | N9: 1 | O9: 1 | P9: 1 | Q9: 1 | R9: 1 | S9: 1 | T9: 1 | U9: 1 | V9: 1 | W9: 1 | X9: 1 | Y9: 1 | Z9: 1 | AA9: 1 | AB9: 1 | AC9: 1 | AD9: 1 | AE9: 1 | AF9: 1 | AG9: 1 | AH9: 1 | AI9: 1 | AJ9: 1 | AK9: 1 | AL9: 1 | AM9: 1 | AN9: 1 | AO9: 1 | AP9: 1 | AQ9: 1 | AR9: 1 | AS9: 1 | AT9: 1 | AU9: 1 | AV9: 1 | AW9: 1 | AX9: 1 | AY9: 1 | AZ9: 1 | BA9: 1 | BB9: 1 | BC9: 1 | BD9: 1 | BE9: 1 | BF9: 1 | BG9: 1 | BH9: 1
A10: 4 | B10: 23033 | C10: ANGELA LEE SI EN | D10: 李思恩 | E10: P | F10: S1B | H10: 1 | I10: 1 | J10: 1 | K10: 1 | L10: 1 | M10: 1 | N10: 1 | O10: 1 | P10: 1 | Q10: 1 | R10: 1 | S10: 1 | T10: 1 | U10: 1 | V10: 1 | W10: 1 | X10: 1 | Y10: 1 | Z10: 1 | AA10: 1 | AB10: 1 | AC10: 1 | AD10: 1 | AE10: 1 | AF10: 1 | AG10: 1 | AH10: 1 | AI10: 1 | AJ10: 1 | AK10: 1 | AL10: 1 | AM10: 1 | AN10: 1 | AO10: 1 | AP10: 1 | AQ10: 1 | AR10: 1 | AS10: 1 | AT10: 1 | AU10: 1 | AV10: 1 | AW10: 1 | AX10: 1 | AY10: 1 | AZ10: 1 | BA10: 1 | BB10: 1 | BC10: 1 | BD10: 1 | BE10: 1 | BF10: 1 | BG10: 1 | BH10: 1
A11: 5 | B11: 23079 | C11: LEE YEN SIM | D11: 李彦心 | E11: P | F11: AC1A | H11: 1 | I11: 1 | J11: 1 | K11: 1 | L11: 1 | M11: 1 | N11: 1 | O11: 1 | P11: 1 | Q11: 1 | R11: 1 | S11: 1 | T11: 1 | U11: 1 | V11: 1 | W11: 1 | X11: 1 | Y11: 1 | Z11: 1 | AA11: 1 | AB11: 1 | AC11: 1 | AD11: 1 | AE11: 1 | AF11: 1 | AG11: 1 | AH11: 1 | AI11: 1 | AJ11: 1 | AK11: 1 | AL11: 1 | AM11: 1 | AN11: 1 | AO11: 1 | AP11: 1 | AQ11: 1 | AR11: 1 | AS11: 1 | AT11: 1 | AU11: 1 | AV11: 1 | AW11: 1 | AX11: 1 | AY11: 1 | AZ11: 1 | BA11: 1 | BB11: 1 | BC11: 1 | BD11: 1 | BE11: 1 | BF11: 1 | BG11: 1 | BH11: 1
A12: 6 | B12: 23087 | C12: TENG WAN SIM | D12: 汤婉心 | E12: P | F12: AC1A | H12: 1 | I12: 1 | J12: 1 | K12: 1 | L12: 1 | M12: 1 | N12: 1 | O12: 1 | P12: 1 | Q12: 1 | R12: 1 | S12: 1 | T12: 1 | U12: 0 | V12: 1 | W12: 0 | X12: 1 | Y12: 1 | Z12: 0 | AA12: 0 | AB12: 1 | AC12: 1 | AD12: 1 | AE12: 1 | AF12: 1 | AG12: 1 | AH12: 1 | AI12: 0 | AJ12: 1 | AK12: 1 | AL12: 1 | AM12: 1 | AN12: 1 | AO12: 1 | AP12: 1 | AQ12: 1 | AR12: 1 | AS12: 1 | AT12: 1 | AU12: 1 | AV12: 1 | AW12: 1 | AX12: 1 | AY12: 1 | AZ12: 1 | BA12: 1 | BB12: 1 | BC12: 1 | BD12: 1 | BE12: 1 | BF12: 1 | BG12: 1 | BH12: 1
A13: 7 | B13: 23142 | C13: LEE XIN YEE | D13: 李芯億 | E13: PH | F13: AC1A | H13: 1 | I13: 1 | J13: 1 | K13: 1 | L13: 1 | M13: 1 | N13: 1 | O13: 1 | P13: 1 | Q13: 1 | R13: 1 | S13: 1 | T13: 1 | U13: 1 | V13: 1 | W13: 0 | X13: 1 | Y13: 1 | Z13: 1 | AA13: 1 | AB13: 1 | AC13: 1 | AD13: 1 | AE13: 1 | AF13: 1 | AG13: 1 | AH13: 1 | AI13: 1 | AJ13: 1 | AK13: 1 | AL13: 1 | AM13: 1 | AN13: 1 | AO13: 1 | AP13: 1 | AQ13: 1 | AR13: 1 | AS13: 1 | AT13: 1 | AU13: 1 | AV13: 1 | AW13: 1 | AX13: 1 | AY13: 1 | AZ13: 1 | BA13: 1 | BB13: 1 | BC13: 1 | BD13: 1 | BE13: 1 | BF13: 1 | BG13: 1 | BH13: 1
A14: 8 | B14: 23147 | C14: CHOO ZI YU | D14: 朱紫瑜 | E14: PH | F14: AC1A | H14: 1 | I14: 1 | J14: 1 | K14: 1 | L14: 1 | M14: 1 | N14: 1 | O14: 1 | P14: 1 | Q14: 1 | R14: 1 | S14: 1 | T14: 1 | U14: 1 | V14: 1 | W14: 1 | X14: 1 | Y14: 1 | Z14: 1 | AA14: 1 | AB14: 1 | AC14: 1 | AD14: 1 | AE14: 1 | AF14: 1 | AG14: 1 | AH14: 1 | AI14: 1 | AJ14: 1 | AK14: 1 | AL14: 1 | AM14: 1 | AN14: 1 | AO14: 1 | AP14: 1 | AQ14: 1 | AR14: 1 | AS14: 1 | AT14: 1 | AU14: 1 | AV14: 1 | AW14: 1 | AX14: 1 | AY14: 1 | AZ14: 1 | BA14: 1 | BB14: 1 | BC14: 1 | BD14: 1 | BE14: 1 | BF14: 1 | BG14: 1 | BH14: 1
A15: 9 | B15: 23149 | C15: CHIN EN YONG | D15: 陈恩詠 | E15: PH | F15: AC1A | H15: 1 | I15: 1 | J15: 1 | K15: 1 | L15: 1 | M15: 1 | N15: 1 | O15: 1 | P15: 1 | Q15: 1 | R15: 1 | S15: 1 | T15: 1 | U15: 1 | V15: 1 | W15: 1 | X15: 1 | Y15: 1 | Z15: 1 | AA15: 1 | AB15: 1 | AC15: 1 | AD15: 1 | AE15: 1 | AF15: 1 | AG15: 1 | AH15: 1 | AI15: 1 | AJ15: 1 | AK15: 1 | AL15: 1 | AM15: 1 | AN15: 1 | AO15: 1 | AP15: 1 | AQ15: 1 | AR15: 1 | AS15: 1 | AT15: 1 | AU15: 1 | AV15: 1 | AW15: 1 | AX15: 1 | AY15: 1 | AZ15: 1 | BA15: 1 | BB15: 1 | BC15: 1 | BD15: 1 | BE15: 1 | BF15: 1 | BG15: 1 | BH15: 1
A16: 10 | B16: 23266 | C16: NG KAI YANG | D16: 黄楷洋 | E16: L | F16: AC1A | H16: 1 | I16: 1 | J16: 1 | K16: 1 | L16: 1 | M16: 1 | N16: 1 | O16: 1 | P16: 1 | Q16: 1 | R16: 1 | S16: 1 | T16: 1 | U16: 1 | V16: 1 | W16: 1 | X16: 1 | Y16: 1 | Z16: 1 | AA16: 1 | AB16: 1 | AC16: 1 | AD16: 1 | AE16: 1 | AF16: 1 | AG16: 1 | AH16: 1 | AI16: 1 | AJ16: 1 | AK16: 1 | AL16: 1 | AM16: 1 | AN16: 1 | AO16: 1 | AP16: 1 | AQ16: 1 | AR16: 1 | AS16: 1 | AT16: 1 | AU16: 1 | AV16: 1 | AW16: 1 | AX16: 1 | AY16: 1 | AZ16: M | BA16: 1 | BB16: 1 | BC16: 1 | BD16: 1 | BE16: 1 | BF16: 1 | BG16: 1 | BH16: 1
A17: 11 | B17: 23267 | C17: CHEE MING XUAN | D17: 朱铭轩 | E17: L | F17: AC1A | H17: 1 | I17: 1 | J17: 1 | K17: 1 | L17: 1 | M17: 1 | N17: 1 | O17: 1 | P17: 1 | Q17: 1 | R17: 1 | S17: 1 | T17: 1 | U17: 1 | V17: 1 | W17: 1 | X17: 1 | Y17: 1 | Z17: 1 | AA17: 1 | AB17: 1 | AC17: 1 | AD17: 1 | AE17: 1 | AF17: 1 | AG17: 1 | AH17: 1 | AI17: 1 | AJ17: 1 | AK17: 1 | AL17: 1 | AM17: 1 | AN17: 1 | AO17: 1 | AP17: 1 | AQ17: 1 | AR17: 1 | AS17: 1 | AT17: 1 | AU17: 1 | AV17: 1 | AW17: 1 | AX17: 1 | AY17: 1 | AZ17: 1 | BA17: 1 | BB17: 1 | BC17: 1 | BD17: 1 | BE17: 1 | BF17: 1 | BG17: 1 | BH17: 1
A18: 12 | B18: 23412 | C18: YEK ZEH SHEN | D18: 叶泽渗 | E18: L | F18: AC1A | H18: 1 | I18: 1 | J18: 1 | K18: 1 | L18: 1 | M18: 1 | N18: 1 | O18: 1 | P18: 1 | Q18: 1 | R18: 1 | S18: 1 | T18: 1 | U18: 1 | V18: 1 | W18: 1 | X18: 1 | Y18: 1 | Z18: 1 | AA18: 1 | AB18: M | AC18: 1 | AD18: 1 | AE18: 1 | AF18: 1 | AG18: 1 | AH18: 1 | AI18: 1 | AJ18: 1 | AK18: 1 | AL18: 1 | AM18: 1 | AN18: 1 | AO18: 1 | AP18: M | AQ18: 1 | AR18: 1 | AS18: 1 | AT18: 1 | AU18: 1 | AV18: 1 | AW18: 1 | AX18: 1 | AY18: 1 | AZ18: 1 | BA18: 1 | BB18: 1 | BC18: 1 | BD18: 1 | BE18: 1 | BF18: 1 | BG18: 1 | BH18: 1
A19: 13 | B19: 23421 | C19: KAN ZI JUN | D19: 简子峻 | E19: L | F19: AC1A | H19: 1 | I19: 1 | J19: 1 | K19: 1 | L19: 1 | M19: 1 | N19: 1 | O19: 1 | P19: 1 | Q19: 1 | R19: 1 | S19: 1 | T19: 1 | U19: 1 | V19: 1 | W19: 1 | X19: 1 | Y19: 1 | Z19: 1 | AA19: 1 | AB19: 1 | AC19: 1 | AD19: 1 | AE19: 1 | AF19: 1 | AG19: 1 | AH19: 1 | AI19: 1 | AJ19: 1 | AK19: 1 | AL19: 1 | AM19: 1 | AN19: 1 | AO19: 1 | AP19: 1 | AQ19: 1 | AR19: 1 | AS19: 1 | AT19: 1 | AU19: 1 | AV19: 1 | AW19: 1 | AX19: 1 | AY19: 1 | AZ19: 1 | BA19: 1 | BB19: 1 | BC19: 1 | BD19: 1 | BE19: 1 | BF19: 1 | BG19: 1 | BH19: 1
A20: 14 | B20: 23044 | C20: LAM HUI WEN | D20: 林慧雯 | E20: P | F20: C1A | H20: 1 | I20: 1 | J20: 1 | K20: 1 | L20: 1 | M20: 1 | N20: 1 | O20: 1 | P20: 1 | Q20: 1 | R20: 1 | S20: 1 | T20: 1 | U20: 1 | V20: 1 | W20: 1 | X20: 1 | Y20: 1 | Z20: 1 | AA20: 1 | AB20: 1 | AC20: 1 | AD20: 1 | AE20: 1 | AF20: 1 | AG20: 1 | AH20: 1 | AI20: 1 | AJ20: 1 | AK20: 1 | AL20: 1 | AM20: 1 | AN20: 1 | AO20: 1 | AP20: 1 | AQ20: 1 | AR20: 1 | AS20: 1 | AT20: 1 | AU20: 1 | AV20: 1 | AW20: 1 | AX20: 1 | AY20: 1 | AZ20: 1 | BA20: 1 | BB20: 1 | BC20: 1 | BD20: 1 | BE20: 1 | BF20: 1 | BG20: 1 | BH20: 1
A21: 15 | B21: 23317 | C21: JEROME LIM JUN HAN | D21: 林君翰 | E21: L | F21: C1A | H21: 1 | I21: 1 | J21: 1 | K21: 1 | L21: 1 | M21: 1 | N21: 1 | O21: 1 | P21: 1 | Q21: 1 | R21: 1 | S21: 1 | T21: 0 | U21: 0 | V21: 1 | W21: 1 | X21: 1 | Y21: 1 | Z21: 1 | AA21: 1 | AB21: 1 | AC21: 1 | AD21: 1 | AE21: 1 | AF21: 1 | AG21: 1 | AH21: 1 | AI21: 1 | AJ21: 1 | AK21: 1 | AL21: 1 | AM21: 1 | AN21: 1 | AO21: 1 | AP21: 1 | AQ21: 1 | AR21: 1 | AS21: 1 | AT21: 1 | AU21: 1 | AV21: 1 | AW21: 1 | AX21: 1 | AY21: 1 | AZ21: 1 | BA21: 1 | BB21: 0 | BC21: 1 | BD21: 1 | BE21: 1 | BF21: 1 | BG21: 1 | BH21: 1
A22: 16 | B22: 23004 | C22: CHONG CHEE LAM | D22: 张子琳 | E22: PH | F22: C1B | H22: 1 | I22: 1 | J22: 1 | K22: 1 | L22: 1 | M22: 1 | N22: 1 | O22: 1 | P22: 1 | Q22: 1 | R22: 1 | S22: 1 | T22: 1 | U22: 1 | V22: 1 | W22: 1 | X22: 1 | Y22: 1 | Z22: 1 | AA22: 1 | AB22: 1 | AC22: 1 | AD22: 1 | AE22: 1 | AF22: 1 | AG22: 1 | AH22: 1 | AI22: 1 | AJ22: 1 | AK22: 1 | AL22: 1 | AM22: 1 | AN22: 1 | AO22: 1 | AP22: 1 | AQ22: 1 | AR22: 1 | AS22: 1 | AT22: 1 | AU22: 1 | AV22: 1 | AW22: 1 | AX22: 1 | AY22: G | AZ22: 1 | BA22: 1 | BB22: 1 | BC22: G | BD22: 1 | BE22: 1 | BF22: 1 | BG22: 1 | BH22: 1
A23: 17 | B23: 23013 | C23: LEE WEI TENG | D23: 吕尉婷 | E23: P | F23: C1B | H23: 1 | I23: 1 | J23: 1 | K23: 1 | L23: 1 | M23: 1 | N23: 1 | O23: 1 | P23: 1 | Q23: 1 | R23: 1 | S23: 1 | T23: 1 | U23: 1 | V23: 1 | W23: 1 | X23: 1 | Y23: 1 | Z23: 1 | AA23: 1 | AB23: 1 | AC23: 1 | AD23: 1 | AE23: 1 | AF23: 1 | AG23: 1 | AH23: 1 | AI23: 0 | AJ23: 1 | AK23: 1 | AL23: 1 | AM23: 1 | AN23: 1 | AO23: 1 | AP23: 1 | AQ23: 1 | AR23: 1 | AS23: 1 | AT23: 1 | AU23: 1 | AV23: 1 | AW23: 1 | AX23: 1 | AY23: 1 | AZ23: 1 | BA23: 1 | BB23: 1 | BC23: G | BD23: 1 | BE23: 0 | BF23: 1 | BG23: 1 | BH23: 1
A24: 18 | B24: 23253 | C24: BENTLEY LAW AO BING | D24: 廖傲彬 | E24: LH | F24: C1B | H24: 1 | I24: 1 | J24: 1 | K24: 1 | L24: 1 | M24: 1 | N24: 1 | O24: 1 | P24: 1 | Q24: 1 | R24: 1 | S24: 1 | T24: 1 | U24: 1 | V24: 1 | W24: 1 | X24: 1 | Y24: 1 | Z24: 1 | AA24: 1 | AB24: 1 | AC24: 1 | AD24: 1 | AE24: 1 | AF24: 1 | AG24: 1 | AH24: 1 | AI24: 1 | AJ24: 1 | AK24: 1 | AL24: 1 | AM24: 1 | AN24: 1 | AO24: 1 | AP24: 1 | AQ24: 1 | AR24: 1 | AS24: 1 | AT24: 1 | AU24: 1 | AV24: 1 | AW24: 1 | AX24: 1 | AY24: 1 | AZ24: 1 | BA24: 1 | BB24: 1 | BC24: 1 | BD24: 1 | BE24: 1 | BF24: 1 | BG24: 1 | BH24: 1
A25: 19 | B25: 23474 | C25: CHOO WENG HUEEN | D25: 朱泳萱 | E25: P | F25: C1B | H25: 1 | I25: 1 | J25: 1 | K25: 1 | L25: 1 | M25: 1 | N25: 1 | O25: 0 | P25: 1 | Q25: 1 | R25: 1 | S25: 1 | T25: 0 | U25: 0 | V25: 0 | W25: 1 | X25: 1 | Y25: 1 | Z25: 1 | AA25: 1 | AB25: 1 | AC25: 1 | AD25: 1 | AE25: 1 | AF25: 1 | AG25: 0 | AH25: 0 | AI25: 1 | AJ25: 1 | AK25: 1 | AL25: 1 | AM25: 1 | AN25: 1 | AO25: 1 | AP25: 1 | AQ25: 1 | AR25: 1 | AS25: 1 | AT25: 1 | AU25: 1 | AV25: 1 | AW25: 1 | AX25: 1 | AY25: 1 | AZ25: 1 | BA25: 1 | BB25: 1 | BC25: G | BD25: 1 | BE25: 1 | BF25: 1 | BG25: 1 | BH25: 1
A26: 20 | B26: 23139 | C26: TAN GONG XUN | D26: 陈功勋 | E26: LH | F26: C1C | H26: 1 | I26: 1 | J26: 1 | K26: 1 | L26: 1 | M26: 1 | N26: 1 | O26: 1 | P26: 1 | Q26: 1 | R26: 1 | S26: 1 | T26: 1 | U26: 1 | V26: 1 | W26: 1 | X26: 1 | Y26: 1 | Z26: G | AA26: 1 | AB26: 1 | AC26: 1 | AD26: 1 | AE26: 1 | AF26: 1 | AG26: 1 | AH26: 1 | AI26: 1 | AJ26: 1 | AK26: 1 | AL26: 1 | AM26: 1 | AN26: 1 | AO26: 1 | AP26: 1 | AQ26: 1 | AR26: 1 | AS26: 1 | AT26: 1 | AU26: 1 | AV26: 1 | AW26: 1 | AX26: 1 | AY26: 1 | AZ26: 1 | BA26: 1 | BB26: 1 | BC26: 1 | BD26: 1 | BE26: 1 | BF26: 1 | BG26: 1 | BH26: 1
A27: 21 | B27: 23311 | C27: CHONG KWOK JIN | D27: 莊寬進 | E27: L | F27: C1C | H27: 1 | I27: 1 | J27: 1 | K27: 1 | L27: 1 | M27: 1 | N27: 1 | O27: 1 | P27: 1 | Q27: 1 | R27: 1 | S27: 1 | T27: 1 | U27: 1 | V27: 1 | W27: 1 | X27: 1 | Y27: 1 | Z27: 1 | AA27: 1 | AB27: 1 | AC27: 1 | AD27: 1 | AE27: 1 | AF27: 1 | AG27: 1 | AH27: 1 | AI27: 1 | AJ27: 1 | AK27: 1 | AL27: 1 | AM27: 1 | AN27: 1 | AO27: 1 | AP27: 1 | AQ27: 1 | AR27: 1 | AS27: 1 | AT27: 1 | AU27: 1 | AV27: 1 | AW27: 1 | AX27: 1 | AY27: 1 | AZ27: 1 | BA27: 1 | BB27: 1 | BC27: 1 | BD27: 1 | BE27: 1 | BF27: 1 | BG27: 1 | BH27: 1
A28: 22 | B28: 23088 | C28: PAN HUI XIN | D28: 范惠欣 | E28: PH | F28: C1D | H28: 1 | I28: 1 | J28: 1 | K28: 1 | L28: 1 | M28: 1 | N28: 1 | O28: 1 | P28: 1 | Q28: 1 | R28: 1 | S28: 1 | T28: 1 | U28: 1 | V28: G | W28: 1 | X28: 1 | Y28: 1 | Z28: 1 | AA28: 1 | AB28: 0 | AC28: 1 | AD28: 1 | AE28: 1 | AF28: 1 | AG28: 1 | AH28: 0 | AI28: 1 | AJ28: 1 | AK28: 1 | AL28: 1 | AM28: 1 | AN28: 1 | AO28: 1 | AP28: 1 | AQ28: 1 | AR28: 1 | AS28: 1 | AT28: 1 | AU28: 1 | AV28: 1 | AW28: 1 | AX28: 1 | AY28: 1 | AZ28: 1 | BA28: 1 | BB28: 1 | BC28: 1 | BD28: 1 | BE28: 1 | BF28: 1 | BG28: 1 | BH28: 1
A29: 23 | B29: 23225 | C29: MAX ONG QI LONG | D29: 王启笼 | E29: LH | F29: C1E | H29: 1 | I29: 1 | J29: 1 | K29: 1 | L29: 1 | M29: 1 | N29: 1 | O29: 1 | P29: 1 | Q29: 1 | R29: 1 | S29: 1 | T29: 1 | U29: 1 | V29: 1 | W29: 1 | X29: 1 | Y29: 1 | Z29: 1 | AA29: 1 | AB29: 1 | AC29: 1 | AD29: 1 | AE29: 1 | AF29: 1 | AG29: 1 | AH29: 1 | AI29: 0 | AJ29: 1 | AK29: 1 | AL29: 1 | AM29: 1 | AN29: 1 | AO29: 1 | AP29: 1 | AQ29: 1 | AR29: 1 | AS29: 1 | AT29: 1 | AU29: 1 | AV29: 1 | AW29: 0 | AX29: 0 | AY29: 1 | AZ29: 1 | BA29: 1 | BB29: 1 | BC29: 1 | BD29: 1 | BE29: 1 | BF29: 1 | BG29: 1 | BH29: 1
A30: 24 | B30: 23207 | C30: CHING LIK HUNG | D30: 曾令丰 | E30: LH | F30: C1F | H30: 1 | I30: 1 | J30: 1 | K30: 1 | L30: 1 | M30: 1 | N30: 1 | O30: 1 | P30: 1 | Q30: 1 | R30: 1 | S30: 1 | T30: 1 | U30: 1 | V30: 1 | W30: 1 | X30: 1 | Y30: 1 | Z30: 1 | AA30: 1 | AB30: 1 | AC30: 1 | AD30: 1 | AE30: 1 | AF30: 1 | AG30: 1 | AH30: 1 | AI30: 1 | AJ30: 1 | AK30: 0 | AL30: 1 | AM30: 1 | AN30: 1 | AO30: 1 | AP30: 1 | AQ30: 1 | AR30: 1 | AS30: 1 | AT30: 1 | AU30: 1 | AV30: 1 | AW30: 1 | AX30: 1 | AY30: 1 | AZ30: 1 | BA30: 1 | BB30: 1 | BC30: 1 | BD30: 1 | BE30: 1 | BF30: 1 | BG30: 1 | BH30: 1
A31: 25 | B31: 23369 | C31: LEE ZI NING | D31: 李紫宁 | E31: P | F31: C1F | H31: 1 | I31: 1 | J31: 1 | K31: 1 | L31: 1 | M31: 1 | N31: 1 | O31: 1 | P31: 1 | Q31: 1 | R31: 1 | S31: 1 | T31: 1 | U31: 1 | V31: M | W31: 1 | X31: 1 | Y31: 1 | Z31: 1 | AA31: 1 | AB31: 1 | AC31: 1 | AD31: M | AE31: 1 | AF31: 1 | AG31: 1 | AH31: 1 | AI31: 1 | AJ31: 1 | AK31: 1 | AL31: 1 | AM31: 1 | AN31: 1 | AO31: 1 | AP31: 1 | AQ31: 1 | AR31: 1 | AS31: 1 | AT31: 1 | AU31: 1 | AV31: M | AW31: 1 | AX31: 1 | AY31: 1 | AZ31: 1 | BA31: 1 | BB31: 1 | BC31: 1 | BD31: 1 | BE31: 1 | BF31: 1 | BG31: 1 | BH31: 1
A32: 26 | B32: 23371 | C32: CHONG JIN YU | D32: 张晋瑜 | E32: P | F32: C1F | H32: 1 | I32: 1 | J32: 1 | K32: 1 | L32: 1 | M32: 0 | N32: 1 | O32: 1 | P32: 1 | Q32: 1 | R32: 1 | S32: 1 | T32: 1 | U32: 1 | V32: M | W32: 1 | X32: 1 | Y32: 1 | Z32: 1 | AA32: 1 | AB32: 1 | AC32: 1 | AD32: 1 | AE32: 1 | AF32: 1 | AG32: 0 | AH32: 0 | AI32: 1 | AJ32: 1 | AK32: 1 | AL32: 1 | AM32: 1 | AN32: 1 | AO32: 1 | AP32: 1 | AQ32: 1 | AR32: 1 | AS32: 1 | AT32: 1 | AU32: 1 | AV32: 1 | AW32: 1 | AX32: 1 | AY32: 1 | AZ32: 1 | BA32: 1 | BB32: 0 | BC32: 0 | BD32: 1 | BE32: 1 | BF32: 1 | BG32: 1 | BH32: 1
A33: 27 | B33: 23418 | C33: CHONG YU BIN | D33: 张毓彬 | E33: P | F33: C1F | H33: 1 | I33: 1 | J33: 1 | K33: 1 | L33: 1 | M33: M | N33: 1 | O33: 1 | P33: P | Q33: P | R33: 1 | S33: 1 | T33: 1 | U33: 1 | V33: M | W33: 1 | X33: M | Y33: M | Z33: 1 | AA33: 1 | AB33: 1 | AC33: 1 | AD33: M | AE33: M | AF33: M | AG33: M | AH33: 1 | AI33: 1 | AJ33: 0 | AK33: M | AL33: 1 | AM33: 1 | AN33: 0 | AO33: 0 | AP33: 1 | AQ33: M | AR33: 0 | AS33: M | AT33: 0 | AU33: 0 | AV33: 0 | AW33: M | AX33: 0 | AY33: 1 | AZ33: 0 | BA33: 0 | BB33: 0 | BC33: 0 | BD33: 0 | BE33: 1 | BF33: 0 | BG33: 0 | BH33: 1
A34: 28 | B34: 23031 | C34: VAMESS LAM QIAN YEE | D34: 林倩妤 | E34: P | F34: C1E | H34: 0 | I34: 0 | J34: 0 | K34: 0 | L34: 1 | M34: 1 | N34: 1 | O34: 0 | P34: 1 | Q34: 1 | R34: 1 | S34: 1 | T34: 1 | U34: 1 | V34: 0 | W34: 1 | X34: 1 | Y34: 1 | Z34: 1 | AA34: 1 | AB34: 1 | AC34: 1 | AD34: 1 | AE34: 1 | AF34: 1 | AG34: 1 | AH34: 1 | AI34: 1 | AJ34: 1 | AK34: 1 | AL34: 1 | AM34: 1 | AN34: 1 | AO34: 1 | AP34: 1 | AQ34: 1 | AR34: 1 | AS34: 1 | AT34: 1 | AU34: 1 | AV34: 1 | AW34: 1 | AX34: 1 | AY34: 1 | AZ34: 1 | BA34: 1 | BB34: 1 | BC34: 1 | BD34: 1 | BE34: 1 | BF34: 1 | BG34: 1 | BH34: 1
A35: 29
A36: 30
A37: 31
A38: 32
A39: 33
A40: 34
A41: 35
A42: 36
A43: 37
A44: 38
A45: 39
A46: 40

Sheet 高一美术-刘鸿杰师
A1: 科目： | C1: 高一美术 | H1: 男 | J1: 女
A2: 时段: | C2: ='选修课表清单'!E2 -> Monday / 15:40~16:50 | G2: 走/宿 | H2: L | I2: LH | J2: P | K2: PH | L2: 总计
A3: 地点： | C3: ='选修课表清单'!F2 -> 美术室 | G3: 人数 | H3: =COUNTIF($E:$E,"L") -> 5 | I3: =COUNTIF($E:$E,"LH") -> 1 | J3: =COUNTIF($E:$E,"P") -> 15 | K3: =COUNTIF($E:$E,"PH") -> 13 | L3: =H4+J4 -> 34
A4: 老师： | C4: ='选修课表清单'!C2 -> 刘鸿杰 | G4: 合计 | H4: =SUM(H3:I3) -> 6 | J4: =SUM(J3:K3) -> 28
H5: ⬇️ | I5: "Please start entering the class dates from cell H6."
A6: No. | B6: ADM. | C6: Name | D6: 姓名 | E6: 性别 | F6: 班级 | G6: 承诺书 | H6: 19/1 | I6: 2/3
A7: 1 | B7: 23322 | C7: GOH PEI QI | D7: 吴佩琪 | E7: PH | F7: S1A | H7: 1 | I7: 1
A8: 2 | B8: 23305 | C8: FELICIA YUE SHAN XI | D8: 余姗熹 | E8: P | F8: S1A | H8: 1 | I8: 1
A9: 3 | B9: 23300 | C9: YEONG YUAN QUAN | D9: 杨渊荃 | E9: L | F9: S1A | H9: 1 | I9: 1
A10: 4 | B10: 23246 | C10: STELLA KOH HAN FANG | D10: 许涵妨 | E10: PH | F10: S1A | H10: 1 | I10: 1
A11: 5 | B11: 23060 | C11: VICTORIA CHIN ZHI XI | D11: 陈芷熙 | E11: P | F11: S1A | H11: 1 | I11: 1
A12: 6 | B12: 23090 | C12: BERNICE WONG | D12: 黄芷恩 | E12: PH | F12: S1B | H12: 1 | I12: 1
A13: 7 | B13: 23011 | C13: WANG YING TING | D13: 王滢婷 | E13: P | F13: S1B | H13: 1 | I13: 1
A14: 8 | B14: 23121 | C14: LIN CHEAN YE | D14: 林芊悦 | E14: PH | F14: S1B | H14: 1 | I14: 0
A15: 9 | B15: 23414 | C15: CHUA WEI FENG | D15: 蔡伟丰 | E15: L | F15: S1B | H15: 1 | I15: 1
A16: 10 | B16: 23316 | C16: CHLOE TEE | D16: 郑萱 | E16: P | F16: AC1A | H16: 1 | I16: 1
A17: 11 | B17: 23067 | C17: SHUM KOH SHUEN | D17: 沈可萱 | E17: PH | F17: AC1A | H17: 1 | I17: 1
A18: 12 | B18: 23079 | C18: LEE YEN SIM | D18: 李彦心 | E18: P | F18: AC1A | H18: 1 | I18: 1
... A40: 34 | B40: 23269 | C40: TOH VEN YIN | D40: 卓汶颖 | E40: P | F40: C1E | H40: 1 | I40: 1
A41: 35
A42: 36
A43: 37
A44: 38
A45: 39
A46: 40

Sheet 高二 SPM AddMath 萧子良
A1: 科目： | C1: 高二 ADDMath | H1: 男 | J1: 女
A2: 时段: | C2: ='选修课表清单'!E9 -> Monday / 15:40 ~ 16:50 & Wednesday 16:15~16:50 | G2: 走/宿 | H2: L | I2: LH | J2: P | K2: PH | L2: 总计
A3: 地点： | C3: ='选修课表清单'!F9 -> A303 | G3: 人数 | H3: =COUNTIF($E:$E,"L") -> 8 | I3: =COUNTIF($E:$E,"LH") -> 2 | J3: =COUNTIF($E:$E,"P") -> 7 | K3: =COUNTIF($E:$E,"PH") -> 2 | L3: =H4+J4 -> 19
A4: 老师： | C4: ='选修课表清单'!C9 -> 萧子良 | G4: 合计 | H4: =SUM(H3:I3) -> 10 | J4: =SUM(J3:K3) -> 9
H5: ⬇️ | I5: "Please start entering the class dates from cell H6."
A6: No. | B6: ADM. | C6: Name | D6: 姓名 | E6: 性别 | F6: 班级 | G6: 承诺书 | H6: 19/1 | I6: 21/1 | J6: 26/1 | K6: 28/1 | L6: 4/2 | M6: 23/2 | N6: 25/2 | O6: 2/3 | P6: 4/3 | Q6: 30/3 | R6: 1/4 | S6: 4/4 | T6: 8/4 | U6: 13/4 | V6: 15/4 | W6: 20/4 | X6: 22/4 | Y6: 27/4 | Z6: 29/4 | AA6: 4/5 | AB6: 6/5 | AC6: 11/5 | AD6: 8/6 | AE6: 10/6 | AF6: 24/6 | AG6: 29/6 | AH6: 1/7 | AI6: 8/7 | AJ6: 13/7 | AK6: 15/7 | AL6: 5/8 | AM6: 10/8 | AN6: 12/8 | AO6: 17/8 | AP6: 19/8 | AQ6: 24/8 | AR6: 26/8 | AS6: 7/9 | AT6: 9/9 | AU6: 14/9 | AV6: 21/9 | AW6: 23/9 | AX6: 28/9 | AY6: 30/9
A7: 1 | B7: 22067 | C7: LEONG JIA BO | D7: 梁嘉宝 | E7: PH | F7: AC2A | G7: 1 | H7: 1 | I7: 1 | J7: 1 | K7: 1 | L7: 1 | M7: 1 | N7: 1 | O7: 1 | P7: 1 | Q7: 1 | R7: 1 | S7: 1 | T7: 1 | U7: 1 | V7: 1 | W7: 1 | X7: 1 | Y7: 1 | Z7: 1 | AA7: 1 | AB7: 1 | AC7: 1 | AD7: 1 | AE7: 1 | AF7: 1 | AG7: 1 | AH7: 1 | AI7: 1 | AJ7: 1 | AK7: 1 | AL7: 1 | AM7: 1 | AN7: 1 | AO7: 1 | AP7: 1 | AQ7: 1 | AR7: 1 | AS7: 1 | AT7: 1 | AU7: 1 | AV7: 1 | AW7: 1 | AX7: 1 | AY7: 1
A8: 2 | B8: 22128 | C8: CHEOK KANG XUAN | D8: 石康璇 | E8: P | F8: AC2A | G8: 1 | H8: 1 | I8: 1 | J8: 1 | K8: 1 | L8: 1 | M8: 1 | N8: 1 | O8: 1 | P8: 1 | Q8: 1 | R8: 1 | S8: 1 | T8: 1 | U8: 1 | V8: 1 | W8: 1 | X8: 1 | Y8: 1 | Z8: 1 | AA8: 1 | AB8: 1 | AC8: 1 | AD8: 1 | AE8: 1 | AF8: 1 | AG8: 1 | AH8: 1 | AI8: 1 | AJ8: 1 | AK8: 1 | AL8: 1 | AM8: 1 | AN8: 1 | AO8: 1 | AP8: 1 | AQ8: 1 | AR8: 1 | AS8: 1 | AT8: 1 | AU8: 1 | AV8: 1 | AW8: 1 | AX8: 1 | AY8: 1
A9: 3 | B9: 22273 | C9: YAP HOR SENG | D9: 叶贺笙 | E9: L | F9: AC2A | G9: 1 | H9: 1 | I9: 1 | J9: 1 | K9: 1 | L9: 1 | M9: 1 | N9: 1 | O9: 1 | P9: 1 | Q9: 1 | R9: 1 | S9: 1 | T9: 1 | U9: 1 | V9: 1 | W9: 1 | X9: 1 | Y9: 1 | Z9: 1 | AA9: 1 | AB9: 1 | AC9: 1 | AD9: 1 | AE9: 1 | AF9: 1 | AG9: 公 | AH9: 1 | AI9: 1 | AJ9: 1 | AK9: 1 | AL9: 1 | AM9: 1 | AN9: 1 | AO9: 1 | AP9: 1 | AQ9: 1 | AR9: 1 | AS9: 1 | AT9: 1 | AU9: 1 | AV9: 0 | AW9: 1 | AX9: 1 | AY9: 1
A10: 4 | B10: 22053 | C10: HONG SHI QING | D10: 冯诗晴 | E10: P | F10: C2A | G10: 1 | H10: 1 | I10: 1 | J10: 1 | K10: 1 | L10: 1 | M10: 1 | N10: 1 | O10: 1 | P10: 1 | Q10: 1 | R10: 1 | S10: 1 | T10: 1 | U10: 1 | V10: 1 | W10: 1 | X10: 1 | Y10: 1 | Z10: 1 | AA10: 1 | AB10: 1 | AC10: 1 | AD10: 1 | AE10: 1 | AF10: 1 | AG10: 1 | AH10: 1 | AI10: 1 | AJ10: 1 | AK10: 1 | AL10: 1 | AM10: 1 | AN10: 1 | AO10: 1 | AP10: 1 | AQ10: 1 | AR10: 1 | AS10: 1 | AT10: 1 | AU10: 1 | AV10: 1 | AW10: 1 | AX10: 1 | AY10: 1
A11: 5 | B11: 22064 | C11: MAGDALENE WONG XIN YU | D11: 王歆语 | E11: PH | F11: C2A | G11: 1 | H11: 1 | I11: 1 | J11: 1 | K11: 1 | L11: 1 | M11: 1 | N11: 1 | O11: 1 | P11: 1 | Q11: 1 | R11: 1 | S11: 1 | T11: 1 | U11: 1 | V11: 1 | W11: 1 | X11: 1 | Y11: 1 | Z11: 1 | AA11: 1 | AB11: 1 | AC11: 1 | AD11: 1 | AE11: 1 | AF11: 1 | AG11: 1 | AH11: 1 | AI11: 1 | AJ11: 1 | AK11: 1 | AL11: 1 | AM11: 1 | AN11: 1 | AO11: 1 | AP11: 1 | AQ11: 1 | AR11: 1 | AS11: 1 | AT11: 1 | AU11: 1 | AV11: 1 | AW11: 1 | AX11: 1 | AY11: 1
A12: 6 | B12: 22091 | C12: SIA JIN HONG | D12: 谢谨鸿 | E12: L | F12: C2A | G12: 1 | H12: 1 | I12: 1 | J12: 1 | K12: 1 | L12: 1 | M12: 1 | N12: 1 | O12: 1 | P12: 1 | Q12: 1 | R12: 1 | S12: 1 | T12: 1 | U12: 1 | V12: 1 | W12: 1 | X12: 1 | Y12: 1 | Z12: 1 | AA12: 1 | AB12: 1 | AC12: 1 | AD12: 1 | AE12: 1 | AF12: 1 | AG12: 1 | AH12: 1 | AI12: 1 | AJ12: 1 | AK12: 1 | AL12: 1 | AM12: 1 | AN12: 1 | AO12: 1 | AP12: 1 | AQ12: 1 | AR12: 1 | AS12: 1 | AT12: 1 | AU12: 1 | AV12: 1 | AW12: 1 | AX12: 1 | AY12: 1
A13: 7 | B13: 22150 | C13: TIMOTHY CHOI SAM WEN | D13: 蔡尚文 | E13: L | F13: C2A | G13: 1 | H13: 1 | I13: 1 | J13: 1 | K13: 1 | L13: 1 | M13: 1 | N13: 1 | O13: 1 | P13: 1 | Q13: 1 | R13: 1 | S13: 1 | T13: 1 | U13: 1 | V13: 1 | W13: 病 | X13: 1 | Y13: 1 | Z13: 1 | AA13: 1 | AB13: 1 | AC13: 1 | AD13: 1 | AE13: 1 | AF13: 1 | AG13: 1 | AH13: 1 | AI13: 1 | AJ13: 1 | AK13: 1 | AL13: 1 | AM13: 1 | AN13: 1 | AO13: 1 | AP13: 1 | AQ13: 1 | AR13: 1 | AS13: 1 | AT13: 1 | AU13: 1 | AV13: 1 | AW13: 1 | AX13: 1 | AY13: 1
A14: 8 | B14: 22152 | C14: MARCUS KOK | D14: 郭子玮 | E14: L | F14: C2A | G14: 1 | H14: 1 | I14: 1 | J14: 1 | K14: 1 | L14: 1 | M14: 1 | N14: 1 | O14: 1 | P14: 1 | Q14: 1 | R14: 1 | S14: 1 | T14: 1 | U14: 1 | V14: 1 | W14: 1 | X14: 1 | Y14: 1 | Z14: 1 | AA14: 1 | AB14: 1 | AC14: 1 | AD14: 1 | AE14: 1 | AF14: 1 | AG14: 1 | AH14: 1 | AI14: 1 | AJ14: 1 | AK14: 1 | AL14: 1 | AM14: 1 | AN14: 1 | AO14: 1 | AP14: 1 | AQ14: 1 | AR14: 1 | AS14: 1 | AT14: 1 | AU14: 1 | AV14: 1 | AW14: 1 | AX14: 1 | AY14: 1
A15: 9 | B15: 22345 | C15: LEE JIA WEN | D15: 李佳纹 | E15: P | F15: C2A | G15: 1 | H15: 1 | I15: 1 | J15: 1 | K15: 1 | L15: 1 | M15: 1 | N15: 1 | O15: 1 | P15: 1 | Q15: 1 | R15: 1 | S15: 1 | T15: 1 | U15: 1 | V15: 1 | W15: 1 | X15: 1 | Y15: 1 | Z15: 1 | AA15: 1 | AB15: 1 | AC15: 1 | AD15: 1 | AE15: 1 | AF15: 1 | AG15: 1 | AH15: 1 | AI15: 1 | AJ15: 1 | AK15: 1 | AL15: 1 | AM15: 1 | AN15: 1 | AO15: 1 | AP15: 1 | AQ15: 1 | AR15: 1 | AS15: 1 | AT15: 1 | AU15: 1 | AV15: 1 | AW15: 1 | AX15: 1 | AY15: 1
A16: 10 | B16: 22361 | C16: TING CHUAN MING | D16: 陈建铭 | E16: L | F16: C2A | G16: 1 | H16: 1 | I16: 1 | J16: 1 | K16: 1 | L16: 1 | M16: 1 | N16: 1 | O16: 1 | P16: 1 | Q16: 1 | R16: 1 | S16: 1 | T16: 1 | U16: 1 | V16: 1 | W16: 1 | X16: 1 | Y16: 1 | Z16: 1 | AA16: 1 | AB16: 1 | AC16: 1 | AD16: 1 | AE16: 1 | AF16: 1 | AG16: 1 | AH16: 1 | AI16: 1 | AJ16: 1 | AK16: 1 | AL16: 1 | AM16: 1 | AN16: 1 | AO16: 1 | AP16: 1 | AQ16: 1 | AR16: 1 | AS16: 1 | AT16: 1 | AU16: 1 | AV16: 1 | AW16: 1 | AX16: 1 | AY16: 1
A17: 11 | B17: 22411 | C17: SEE JIA LE | D17: 徐嘉乐 | E17: LH | F17: C2A | G17: 1 | H17: 1 | I17: 1 | J17: 1 | K17: 1 | L17: 1 | M17: 1 | N17: 1 | O17: 1 | P17: 1 | Q17: 1 | R17: 1 | S17: 1 | T17: 1 | U17: 1 | V17: 1 | W17: 1 | X17: 1 | Y17: 1 | Z17: 1 | AA17: 1 | AB17: 1 | AC17: 1 | AD17: 1 | AE17: 1 | AF17: 1 | AG17: 1 | AH17: 1 | AI17: 1 | AJ17: 1 | AK17: 1 | AL17: 1 | AM17: 1 | AN17: 1 | AO17: 1 | AP17: 1 | AQ17: 1 | AR17: 1 | AS17: 1 | AT17: 1 | AU17: 1 | AV17: 1 | AW17: 1 | AX17: 1 | AY17: 1
A18: 12 | B18: 22004 | C18: ELIZABETH CHONG WENXUAN | D18: 张文萱 | E18: P | F18: C2B | G18: 1 | H18: 1 | I18: 1 | J18: 1 | K18: 1 | L18: 1 | M18: 1 | N18: 1 | O18: 1 | P18: 1 | Q18: 1 | R18: 1 | S18: 1 | T18: 1 | U18: 1 | V18: 1 | W18: 1 | X18: 1 | Y18: 1 | Z18: 1 | AA18: 1 | AB18: 1 | AC18: 1 | AD18: 1 | AE18: 1 | AF18: 1 | AG18: 1 | AH18: 1 | AI18: 1 | AJ18: 1 | AK18: 1 | AL18: 1 | AM18: 1 | AN18: 1 | AO18: 1 | AP18: 1 | AQ18: 1 | AR18: 1 | AS18: 1 | AT18: 1 | AU18: 1 | AV18: 1 | AW18: 1 | AX18: 1 | AY18: 1
A19: 13 | B19: 22170 | C19: WONG YU QIAN | D19: 黄宇芊 | E19: P | F19: C2B | G19: 1 | H19: 1 | I19: 1 | J19: 1 | K19: 1 | L19: 1 | M19: 1 | N19: 1 | O19: 1 | P19: 1 | Q19: 1 | R19: 1 | S19: 1 | T19: 1 | U19: 1 | V19: 1 | W19: 1 | X19: 1 | Y19: 1 | Z19: 1 | AA19: 1 | AB19: 1 | AC19: 1 | AD19: 1 | AE19: 1 | AF19: 1 | AG19: 1 | AH19: 1 | AI19: 1 | AJ19: 1 | AK19: 1 | AL19: 1 | AM19: 1 | AN19: 1 | AO19: 1 | AP19: 1 | AQ19: 1 | AR19: 1 | AS19: 1 | AT19: 1 | AU19: 1 | AV19: 1 | AW19: 1 | AX19: 1 | AY19: 1
A20: 14 | B20: 22240 | C20: FUI SHAO XIONG | D20: 裴绍雄 | E20: LH | F20: C2B | G20: 1 | H20: 1 | I20: 1 | J20: 1 | K20: 1 | L20: 1 | M20: 1 | N20: 1 | O20: 1 | P20: 1 | Q20: 1 | R20: 1 | S20: 1 | T20: 1 | U20: 1 | V20: 1 | W20: 病 | X20: 1 | Y20: 1 | Z20: 1 | AA20: 1 | AB20: 病 | AC20: 病 | AD20: 1 | AE20: 1 | AF20: 1 | AG20: 1 | AH20: 1 | AI20: 1 | AJ20: 1 | AK20: 1 | AL20: 1 | AM20: 1 | AN20: 1 | AO20: 1 | AP20: 1 | AQ20: 1 | AR20: 1 | AS20: 1 | AT20: 1 | AU20: 1 | AV20: 1 | AW20: 1 | AX20: 1 | AY20: 1
A21: 15 | B21: 22293 | C21: YUKI CHUA YEE SHUAN | D21: 蔡薏轩 | E21: P | F21: C2B | G21: 1 | H21: 1 | I21: 1 | J21: 1 | K21: 1 | L21: 1 | M21: 1 | N21: 1 | O21: 1 | P21: 1 | Q21: 1 | R21: 1 | S21: 1 | T21: 1 | U21: 1 | V21: 1 | W21: 1 | X21: 1 | Y21: 1 | Z21: 1 | AA21: 1 | AB21: 1 | AC21: 1 | AD21: 1 | AE21: 1 | AF21: 1 | AG21: 1 | AH21: 1 | AI21: 1 | AJ21: 1 | AK21: 1 | AL21: 1 | AM21: 1 | AN21: 1 | AO21: 1 | AP21: 1 | AQ21: 1 | AR21: 1 | AS21: 1 | AT21: 1 | AU21: 1 | AV21: 1 | AW21: 1 | AX21: 1 | AY21: 1
A22: 16 | B22: 22323 | C22: NG XIN YI | D22: 黄芯怡 | E22: P | F22: C2B | G22: 1 | H22: 1 | I22: 1 | J22: 1 | K22: 1 | L22: 1 | M22: 1 | N22: 1 | O22: 1 | P22: 1 | Q22: 1 | R22: 1 | S22: 1 | T22: 1 | U22: 1 | V22: 1 | W22: 1 | X22: 1 | Y22: 1 | Z22: 1 | AA22: 1 | AB22: 1 | AC22: 1 | AD22: 1 | AE22: 1 | AF22: 1 | AG22: 1 | AH22: 1 | AI22: 1 | AJ22: 1 | AK22: 1 | AL22: 1 | AM22: 1 | AN22: 1 | AO22: 1 | AP22: 1 | AQ22: 1 | AR22: 1 | AS22: 1 | AT22: 1 | AU22: 1 | AV22: 1 | AW22: 1 | AX22: 1 | AY22: 1
A23: 17 | B23: 22338 | C23: CHONG ZI QIAN | D23: 庄子谦 | E23: L | F23: C2B | G23: 1 | H23: 1 | I23: 1 | J23: 1 | K23: 1 | L23: 1 | M23: 1 | N23: 1 | O23: 1 | P23: 1 | Q23: 1 | R23: 1 | S23: 1 | T23: 1 | U23: 1 | V23: 1 | W23: 1 | X23: 1 | Y23: 1 | Z23: 1 | AA23: 1 | AB23: 1 | AC23: 1 | AD23: 1 | AE23: 1 | AF23: 1 | AG23: 1 | AH23: 1 | AI23: 1 | AJ23: 1 | AK23: 1 | AL23: 1 | AM23: 1 | AN23: 1 | AO23: 1 | AP23: 1 | AQ23: 1 | AR23: 1 | AS23: 1 | AT23: 1 | AU23: 1 | AV23: 1 | AW23: 1 | AX23: 1 | AY23: 1
A24: 18 | B24: 22349 | C24: WONG WEI MING | D24: 黄韦铭 | E24: L | F24: C2C | G24: 1 | H24: - | I24: - | J24: - | K24: 1 | L24: 1 | M24: 1 | N24: 1 | O24: 1 | P24: 1 | Q24: 1 | R24: 1 | S24: 1 | T24: 1 | U24: 1 | V24: 1 | W24: 1 | X24: 公 | Y24: 1 | Z24: 1 | AA24: 1 | AB24: 公 | AC24: 1 | AD24: 公 | AE24: 1 | AF24: 1 | AG24: 1 | AH24: 1 | AI24: 1 | AJ24: 1 | AK24: 1 | AL24: 1 | AM24: 公 | AN24: 公 | AO24: 公 | AP24: 公 | AQ24: 1 | AR24: 1 | AS24: 1 | AT24: 1 | AU24: 1 | AV24: 1 | AW24: 1 | AX24: 1 | AY24: 1
A25: 19 | B25: 22023 | C25: WONG WEI XUAN | D25: 黄伟轩 | E25: L | F25: C2E | G25: 1 | H25: - | I25: - | J25: - | K25: 1 | L25: 1 | M25: 1 | N25: 1 | O25: 1 | P25: 1 | Q25: 1 | R25: 1 | S25: 1 | T25: 1 | U25: 1 | V25: 1 | W25: 1 | X25: 1 | Y25: 1 | Z25: 1 | AA25: 1 | AB25: 1 | AC25: 1 | AD25: 1 | AE25: 1 | AF25: 1 | AG25: 1 | AH25: 1 | AI25: 1 | AJ25: 1 | AK25: 1 | AL25: 1 | AM25: 1 | AN25: 1 | AO25: 1 | AP25: 1 | AQ25: 1 | AR25: 1 | AS25: 1 | AT25: 1 | AU25: 1 | AV25: 1 | AW25: 1 | AX25: 1 | AY25: 1

Sheet 高二美术-刘鸿杰师
A1: 科目： | C1: 高二美术 | H1: 男 | J1: 女
A2: 时段: | C2: ='选修课表清单'!E7 -> Thursday / 15:40~16:50 | G2: 走/宿 | H2: L | I2: LH | J2: P | K2: PH | L2: 总计
A3: 地点： | C3: ='选修课表清单'!F7 -> 美术室 | G3: 人数 | H3: =COUNTIF($E:$E,"L") -> 4 | I3: =COUNTIF($E:$E,"LH") -> 5 | J3: =COUNTIF($E:$E,"P") -> 17 | K3: =COUNTIF($E:$E,"PH") -> 15 | L3: =H4+J4 -> 41
A4: 老师： | C4: ='选修课表清单'!C7 -> 刘鸿杰 | G4: 合计 | H4: =SUM(H3:I3) -> 9 | J4: =SUM(J3:K3) -> 32
H5: ⬇️ | I5: "Please start entering the class dates from cell H6."
A6: No. | B6: ADM. | C6: Name | D6: 姓名 | E6: 性别 | F6: 班级 | G6: 承诺书 | H6: 22/1 | I6: 29/1 | J6: 12/2 | K6: 26/2 | L6: 5/3
A7: 1 | B7: 22034 | C7: ANG WAN ENN | D7: 洪婉恩 | E7: P | F7: S2A | H7: 1 | I7: 1 | J7: 1 | K7: 1 | L7: 1
A8: 2 | B8: 22133 | C8: TIN SHER JENE | D8: 丁施晴 | E8: P | F8: S2A | H8: 1 | I8: 1 | J8: 1 | K8: 1 | L8: 1
A9: 3 | B9: 22044 | C9: TAM WAN YING | D9: 谭琬萤 | E9: P | F9: S2A | H9: 1 | I9: 1 | J9: 1 | K9: 1 | L9: 1
A10: 4 | B10: 22052 | C10: LOW WAN XIN | D10: 刘倇妡 | E10: P | F10: S2A | H10: 1 | I10: 1 | J10: 1 | K10: 0 | L10: 1
A11: 5 | B11: 22270 | C11: LOH ZI YEE | D11: 罗紫瑜 | E11: P | F11: S2B | H11: 1 | I11: 1 | J11: 1 | K11: 1 | L11: 1
A12: 6 | B12: 22035 | C12: HOH WEI YING | D12: 何韋莹 | E12: P | F12: S2B | H12: 1 | I12: 1 | J12: 1 | K12: 1 | L12: 1
A13: 7 | B13: 22167 | C13: EUNICE WONG | D13: 黄芷倪 | E13: PH | F13: S2B | H13: 1 | I13: 1 | J13: 1 | K13: 1 | L13: 1
A14: 8 | B14: 223871 | D14: 彭靖升 | E14: L | F14: S2B | H14: 1 | I14: 1 | J14: 1 | K14: 1 | L14: 1
A15: 9 | B15: 22226 | C15: LEW ZI SHAN | D15: 廖紫姗 | E15: PH | F15: AC2A | H15: 1 | I15: 1 | J15: 1 | K15: 1 | L15: 1
A16: 10 | B16: 22155 | C16: ANG WENZY | D16: 洪文熙 | E16: PH | F16: AC2A | H16: 1 | I16: 1 | J16: 1 | K16: 1 | L16: 1
A17: 11 | B17: 22522 | C17: BEK MAY HUEY | D17: 麦渼惠 | E17: PH | F17: AC2A | H17: 1 | I17: 1 | J17: 1 | K17: 1 | L17: 1
A18: 12 | B18: 22026 | C18: VICKY ZHUO SING YING | D18: 卓芯莹 | E18: P | F18: AC2A | H18: 1 | I18: 1 | J18: 1 | K18: 1 | L18: 1
A19: 13 | B19: 22049 | C19: POI SIN EN | D19: 贝杏恩 | E19: P | F19: AC2A | H19: 1 | I19: 1 | J19: 1 | K19: 1 | L19: 1
A20: 14 | B20: 22346 | C20: LAI ZHI XUAN | D20: 赖芷宣 | E20: P | F20: C2A | H20: 1 | I20: 1 | J20: 1 | K20: 1 | L20: 1
A21: 15 | B21: 22345 | C21: LEE JIA WEN | D21: 李佳纹 | E21: P | F21: C2A | H21: 1 | I21: 1 | J21: 1 | K21: 1 | L21: 1
A22: 16 | B22: 22407 | C22: KWANG SHU YUN | D22: 关舒允 | E22: PH | F22: C2A | H22: 1 | I22: 1 | J22: 1 | K22: 1 | L22: 1
A23: 17 | B23: 22265 | C23: TAY HUI WEN | D23: 郑惠文 | E23: P | F23: C2A | H23: 1 | I23: 1 | J23: 1 | K23: 1 | L23: 1
A24: 18 | B24: 22120 | C24: CHLOE SIM YU XUAN | D24: 沈妤宣 | E24: PH | F24: C2A | H24: 1 | I24: 1 | J24: 1 | K24: 1 | L24: 1
A25: 19 | B25: 22241 | C25: LOW E JIE | D25: 刘宇婕 | E25: PH | F25: C2A | H25: 1 | I25: 1 | J25: 1 | K25: 1 | L25: 1
A26: 20 | B26: 22350 | C26: LEE WENG YAN | D26: 李颖恩 | E26: P | F26: C2B | H26: 1 | I26: 1 | J26: 1 | K26: 1 | L26: 1
... A47: 41 | B47: 22381 | C47: YAP WENG ENG | D47: 叶咏恩 | E47: PH | F47: C2E | H47: 1 | I47: 1 | J47: 1 | K47: 1 | L47: 1

Sheet U2A美术-刘鸿杰
A1: 科目： | C1: U2A美术 | H1: 男 | J1: 女
A2: 时段: | C2: ='选修课表清单'!E10 -> Wednesday / 14:30~15:40 | G2: 走/宿 | H2: L | I2: LH | J2: P | K2: PH | L2: 总计
A3: 地点： | C3: ='选修课表清单'!F10 -> A405 | G3: 人数 | H3: =COUNTIF($E:$E,"L") -> 3 | I3: =COUNTIF($E:$E,"LH") -> 7 | J3: =COUNTIF($E:$E,"P") -> 3 | K3: =COUNTIF($E:$E,"PH") -> 3 | L3: =H4+J4 -> 16
A4: 老师： | C4: ='选修课表清单'!C10 -> 刘鸿杰 | G4: 合计 | H4: =SUM(H3:I3) -> 10 | J4: =SUM(J3:K3) -> 6
H5: ⬇️ | I5: "Please start entering the class dates from cell H6."
A6: No. | B6: ADM. | C6: Name | D6: 姓名 | E6: 性别 | F6: 班级 | G6: 承诺书 | I6: 21/1 | J6: 28/1 | K6: 11/2 | L6: 25/2 | M6: 4/3
A7: 1 | B7: 21494 | C7: LAI KUAN YAO | D7: 赖观佑 | E7: L | I7: 1 | J7: 1 | K7: 1 | L7: 1 | M7: 1
A8: 2 | B8: 21545 | C8: TWIS YUE CHENG FUNG | D8: 余承豐 | E8: L | I8: 1 | J8: 0 | K8: 1 | L8: 1 | M8: 1
A9: 3 | B9: 22126 | C9: YIP YUAN JIANG | D9: 叶原江 | E9: LH | I9: 1 | J9: 1 | K9: 1 | L9: 1 | M9: 1
A10: 4 | B10: 22129 | C10: LIM WANQI | D10: 林婉棋 | E10: PH | I10: 1 | J10: 1 | K10: 1 | L10: 1 | M10: 1
A11: 5 | B11: 22180 | C11: LEE SIAW EN | D11: 李晓恩 | E11: PH | I11: 1 | J11: 1 | K11: 1 | L11: 1 | M11: 1
A12: 6 | B12: 22227 | C12: JIM TAN JINN HAN | D12: 陈锦韩 | E12: LH | I12: 1 | J12: 1 | K12: 1 | L12: 1 | M12: 1
A13: 7 | B13: 22231 | C13: KOO JIA KENT | D13: 许家庆 | E13: LH | I13: 1 | J13: 1 | K13: 1 | L13: 1 | M13: 1
A14: 8 | B14: 22463 | C14: FOO ZHI YONG | D14: 傅智勇 | E14: LH | I14: 1 | J14: 1 | K14: 1 | L14: 1 | M14: 1
A15: 9 | B15: 22479 | C15: YAP ZI QI | D15: 叶姿淇 | E15: PH | I15: 1 | J15: 1 | K15: 1 | L15: 1 | M15: 1
A16: 10 | B16: 22483 | C16: TAY YI XIONG | D16: 郑羿雄 | E16: LH | I16: 1 | J16: 1 | K16: 0 | L16: 1 | M16: 1
A17: 11 | B17: 25594 | C17: CHIN PEI EE | D17: 陈沛愉 | E17: P | I17: 1 | J17: 1 | K17: 1 | L17: 1 | M17: 1
A18: 12 | B18: 22412 | C18: LEE CHI YIAN | D18: 李紫恩 | E18: P | I18: 1 | J18: 1 | K18: 1 | L18: 1 | M18: 1
... A22: 16 | B22: 22459 | C22: CHEE JIA LE | D22: 徐嘉乐 | E22: LH | I22: 1 | J22: 1 | K22: 1 | L22: 1 | M22: 1
A23: 17 | B23: 22457 | C23: LIM YU TONG | D23: 林钰彤 | I23: 1 | J23: 1 | K23: 1 | L23: 1 | M23: 1
A24: 18
A25: 19
A26: 20
A27: 21
A28: 22
A29: 23
A30: 24
A31: 25
A32: 26
A33: 27
A34: 28
A35: 29
... A46: 40

Sheet 高二华文文学-陈静贤
A1: 科目： | C1: 高二华文文学 | H1: 男 | J1: 女
A2: 时段: | C2: ='选修课表清单'!E6 -> Tuesday / 16:15~16:50 & Friday / 15:40~16:50 | G2: 走/宿 | H2: L | I2: LH | J2: P | K2: PH | L2: 总计
A3: 地点： | C3: ='选修课表清单'!F6 -> A308 | G3: 人数 | H3: =COUNTIF($E:$E,"L") -> 6 | I3: =COUNTIF($E:$E,"LH") -> 2 | J3: =COUNTIF($E:$E,"P") -> 10 | K3: =COUNTIF($E:$E,"PH") -> 3 | L3: =H4+J4 -> 21
A4: 老师： | C4: ='选修课表清单'!C6 -> 陈静贤 | G4: 合计 | H4: =SUM(H3:I3) -> 8 | J4: =SUM(J3:K3) -> 13
H5: ⬇️ | I5: "Please start entering the class dates from cell H6."
A6: No. | B6: ADM. | C6: Name | D6: 姓名 | E6: 性别 | F6: 班级 | G6: 高一班 | H6: 20/1 | I6: 23/1 | J6: 27/1 | K6: 30/1
A7: 1 | B7: 22044 | C7: TAM WAN YING | D7: 谭琬萤 | E7: P | F7: S2A | G7: S1A | H7: 1
A8: 2 | B8: 22503 | C8: JAREK LIM XUE QIAN | D8: 林学谦 | E8: L | F8: S2A | G8: S1A | H8: 1
A9: 3 | B9: 22080 | C9: TEE HAAN QING | D9: 郑邯溱 | E9: P | F9: S2B | G9: S1B | H9: 1
A10: 4 | B10: 22369 | C10: SIEW YEE LING | D10: 萧羽伶 | E10: P | F10: AC2A | G10: AC1A | H10: 1
A11: 5 | B11: 22008 | C11: TAN WEIN SHIN | D11: 陈玟杏 | E11: P | F11: AC2A | G11: AC1A | H11: 1
A12: 6 | B12: 22026 | C12: VICKY ZHUO SING YING | D12: 卓芯莹 | E12: P | F12: AC2A | G12: AC1A | H12: 1
A13: 7 | B13: 22109 | C13: TAN SI YING | D13: 陈思颖 | E13: PH | F13: AC2A | G13: AC1A | H13: 1
A14: 8 | B14: 22115 | C14: TAN QING FENG | D14: 陈晴风 | E14: L | F14: AC2A | G14: AC1A | H14: 1
A15: 9 | B15: 22142 | C15: LEE YUN XUAN | D15: 李昀轩 | E15: P | F15: AC2A | G15: AC1A | H15: 1
A16: 10 | B16: 22191 | C16: WONG ZHI XIN | D16: 黄芷昕 | E16: P | F16: AC2A | G16: AC1A | H16: 1
A17: 11 | B17: 22284 | C17: JERAINE ONG XUAN QI | D17: 王铉淇 | E17: P | F17: AC2A | G17: AC1A | H17: 1
A18: 12 | B18: 22304 | C18: CHONG ZHE ANN | D18: 张哲铵 | E18: LH | F18: AC2A | G18: AC1A | H18: 1
... A27: 21 | B27: 22471 | C27: LIM JUN JIE | D27: 林润杰 | E27: L | F27: C2C | G27: C1F | H27: 1

Sheet U2A音乐-黄妍薇
A1: 科目： | C1: U2A音乐 | H1: 男 | J1: 女
A2: 时段: | C2: ='选修课表清单'!E11 -> Wednesday / 14:30~15:40 | G2: 走/宿 | H2: L | I2: LH | J2: P | K2: PH | L2: 总计
A3: 地点： | C3: ='选修课表清单'!F11 -> 音乐室 | G3: 人数 | H3: =COUNTIF($E:$E,"L") -> 7 | I3: =COUNTIF($E:$E,"LH") -> 4 | J3: =COUNTIF($E:$E,"P") -> 1 | K3: =COUNTIF($E:$E,"PH") -> 3 | L3: =H4+J4 -> 15
A4: 老师： | C4: ='选修课表清单'!C11 -> 黄妍薇 | G4: 合计 | H4: =SUM(H3:I3) -> 11 | J4: =SUM(J3:K3) -> 4
H5: ⬇️ | I5: "Please start entering the class dates from cell H6."
A6: No. | B6: ADM. | C6: Name | D6: 姓名 | E6: 性别 | F6: 班级
A7: 1 | B7: 21366 | C7: LIAW YI XIANG | D7: 廖奕翔 | E7: L | F7: U2A
A8: 2 | B8: 21463 | C8: WONG YUN ONN | D8: 翁育安 | E8: L | F8: U2A
A9: 3 | B9: 22074 | C9: VILIZ TEE | D9: 郑馨琴 | E9: PH | F9: U2A
A10: 4 | B10: 22101 | C10: CHONG ZHE YU | D10: 张喆语 | E10: L | F10: U2A
A11: 5 | B11: 22162 | C11: LEE HUI QIAN | D11: 李惠倩 | E11: PH | F11: U2A
A12: 6 | B12: 22225 | C12: ETHAN LUI WAI FUNG | D12: 吕伟丰 | E12: LH | F12: U2A
A13: 7 | B13: 22243 | C13: TAN ZHI XUAN | D13: 陈志轩 | E13: LH | F13: U2A
A14: 8 | B14: 22245 | C14: CHIN EN FEI | D14: 陈恩飞 | E14: LH | F14: U2A
A15: 9 | B15: 22246 | C15: JED LEE YUEN ZE | D15: 李原凙 | E15: L | F15: U2A
A16: 10 | B16: 22247 | C16: LEW YU CHENG | D16: 刘于诚 | E16: L | F16: U2A
A17: 11 | B17: 22342 | C17: KOOI YUIN TONG | D17: 魏允彤 | E17: P | F17: U2A
A18: 12 | B18: 22356 | C18: PONG ZE | D18: 方泽 | E18: LH | F18: U2A
... A21: 15 | B21: 22515 | C21: FOOK YONG QI | D21: 符咏琪 | E21: PH | F21: U2A
A22: 16
A23: 17
A24: 18
A25: 19
A26: 20
A27: 21
A28: 22
A29: 23
A30: 24
A31: 25
A32: 26
A33: 27
... A46: 40

Sheet S3A电脑 吴丽丽
A1: 科目： | C1: S3A电脑 | H1: 男 | J1: 女
A2: 时段: | C2: ='选修课表清单'!E12 -> Friday / 11:15~12:25 | G2: 走/宿 | H2: L | I2: LH | J2: P | K2: PH | L2: 总计
A3: 地点： | C3: ='选修课表清单'!F12 -> 电脑教室 | G3: 人数 | H3: =COUNTIF($E:$E,"L") -> 1 | I3: =COUNTIF($E:$E,"LH") -> 2 | J3: =COUNTIF($E:$E,"P") -> 5 | K3: =COUNTIF($E:$E,"PH") -> 3 | L3: =H4+J4 -> 11
A4: 老师： | C4: ='选修课表清单'!C12 -> 吴丽丽 | G4: 合计 | H4: =SUM(H3:I3) -> 3 | J4: =SUM(J3:K3) -> 8
H5: ⬇️ | I5: "Please start entering the class dates from cell H6."
A6: No. | B6: ADM. | C6: Name | D6: 姓名 | E6: 性别 | F6: 班级 | H6: 23/1 | I6: 30/1 | J6: 27/2 | K6: 6/3 | L6: 4/3 | M6: 10/4 | N6: 17/4 | O6: 24/4 | P6: 8/5 | Q6: 11/6 | R6: 19/6 | S6: 26/6 | T6: 3/7 | U6: 10/7 | V6: 17/7 | W6: 24/7 | X6: 11/9 | Y6: 18/9 | Z6: 2/10
A7: 1 | B7: 20139 | C7: NGOW YU XIN | D7: 饶雨馨 | E7: PH | F7: S3A | H7: 1 | I7: 1 | J7: 1 | K7: 1 | L7: 1 | M7: 1 | N7: 1 | O7: 1 | P7: 1 | Q7: 1 | R7: 0 | S7: 1 | T7: 1 | U7: 1 | V7: 1 | W7: 1 | X7: 1 | Y7: 1
A8: 2 | B8: 21036 | C8: LOW WEI TONG | D8: 刘韦彤 | E8: P | F8: S3A | H8: 1 | I8: 1 | J8: 1 | K8: 1 | L8: 1 | M8: 1 | N8: 1 | O8: 1 | P8: 1 | Q8: 1 | R8: 1 | S8: 1 | T8: 1 | U8: 1 | V8: 1 | W8: 1 | X8: 1 | Y8: 1
A9: 3 | B9: 21053 | C9: CHOK XUN JET | D9: 石训杰 | E9: LH | F9: S3A | H9: 1 | I9: 1 | J9: 1 | K9: 1 | L9: 1 | M9: 1 | N9: 1 | O9: 1 | P9: 1 | Q9: 1 | R9: 1 | S9: 1 | T9: 1 | U9: 1 | V9: 1 | W9: 1 | X9: 1 | Y9: 1
A10: 4 | B10: 21059 | C10: WONG XIAO XUAN | D10: 黄筱璇 | E10: P | F10: S3A | H10: 1 | I10: 1 | J10: 1 | K10: 1 | L10: 1 | M10: 1 | N10: 1 | O10: 1 | P10: 1 | Q10: 1 | R10: 1 | S10: 1 | T10: 1 | U10: 1 | V10: 1 | W10: 1 | X10: 1 | Y10: 1
A11: 5 | B11: 21074 | C11: CHARLENE HENG YI YIN | D11: 方艺茵 | E11: P | F11: S3A | H11: 1 | I11: 1 | J11: 1 | K11: 1 | L11: 1 | M11: 1 | N11: 1 | O11: 1 | P11: 1 | Q11: 1 | R11: 1 | S11: 1 | T11: 1 | U11: 1 | V11: 1 | W11: 1 | X11: 1 | Y11: 1
A12: 6 | B12: 21125 | C12: LOO YI QING | D12: 卢俞芹 | E12: P | F12: S3A | H12: 1 | I12: 1 | J12: 1 | K12: 1 | L12: 1 | M12: 1 | N12: 1 | O12: 1 | P12: 1 | Q12: 1 | R12: 1 | S12: 1 | T12: 1 | U12: 1 | V12: 1 | W12: 1 | X12: 1 | Y12: 1
A13: 7 | B13: 21180 | C13: TOH YU YANG | D13: 杜育扬 | E13: LH | F13: S3A | H13: 1 | I13: 1 | J13: 1 | K13: 1 | L13: 1 | M13: 1 | N13: 1 | O13: 1 | P13: 1 | Q13: 1 | R13: 1 | S13: 1 | T13: 1 | U13: 1 | V13: 1 | W13: 1 | X13: 1 | Y13: 1
A14: 8 | B14: 21215 | C14: CHIAH CHUAN HUA | D14: 谢传华 | E14: PH | F14: S3A | H14: 1 | I14: 1 | J14: 1 | K14: 1 | L14: 1 | M14: 1 | N14: 1 | O14: 1 | P14: 1 | Q14: 1 | R14: 1 | S14: 1 | T14: 1 | U14: 1 | V14: 1 | W14: 1 | X14: 1 | Y14: 1
A15: 9 | B15: 21269 | C15: TAN YING SUAN | D15: 陈颖萱 | E15: P | F15: S3A | H15: 1 | I15: 1 | J15: 1 | K15: 1 | L15: 1 | M15: 1 | N15: 1 | O15: 1 | P15: 1 | Q15: 1 | R15: 1 | S15: 1 | T15: 1 | U15: 1 | V15: 1 | W15: 1 | X15: 1 | Y15: 1
A16: 10 | B16: 21283 | C16: LIEW ZHI SHAN | D16: 刘芷杉 | E16: PH | F16: S3A | H16: 1 | I16: 1 | J16: 1 | K16: 1 | L16: 1 | M16: 1 | N16: 1 | O16: 1 | P16: 1 | Q16: 1 | R16: 1 | S16: 1 | T16: 1 | U16: 1 | V16: 1 | W16: 1 | X16: 1 | Y16: 1
A17: 11 | B17: 21400 | C17: CHE JIA XUAN | D17: 谢家轩 | E17: L | F17: S3A | H17: 1 | I17: 1 | J17: 1 | K17: 1 | L17: 1 | M17: 1 | N17: 1 | O17: 1 | P17: 1 | Q17: 1 | R17: 1 | S17: 1 | T17: 1 | U17: 1 | V17: 1 | W17: 1 | X17: 1 | Y17: 1
A24: 17
A25: 18
A26: 19
A27: 20
A28: 21
A29: 22
A30: 23
A31: 24
A32: 25
A33: 26
A34: 27
A35: 28
... A47: 40

Sheet S3B电脑 吴丽丽
A1: 科目： | C1: S3B电脑 | H1: 男 | J1: 女
A2: 时段: | C2: ='选修课表清单'!E13 -> Friday / 11:15~12:25 | G2: 走/宿 | H2: L | I2: LH | J2: P | K2: PH | L2: 总计
A3: 地点： | C3: ='选修课表清单'!F13 -> 电脑教室 | G3: 人数 | H3: =COUNTIF($E:$E,"L") -> 2 | I3: =COUNTIF($E:$E,"LH") -> 2 | J3: =COUNTIF($E:$E,"P") -> 2 | K3: =COUNTIF($E:$E,"PH") -> 1 | L3: =H4+J4 -> 7
A4: 老师： | C4: ='选修课表清单'!C13 -> 吴丽丽 | G4: 合计 | H4: =SUM(H3:I3) -> 4 | J4: =SUM(J3:K3) -> 3
H5: ⬇️ | I5: "Please start entering the class dates from cell H6."
A6: No. | B6: ADM. | C6: Name | D6: 姓名 | E6: 性别 | F6: 班级 | H6: 23/1 | I6: 30/1 | J6: 27/2 | K6: 6/3 | L6: 3/4 | M6: 10/4 | N6: 17/4 | O6: 24/4 | P6: 8/5 | Q6: 12/6 | R6: 19/6 | S6: 26/6 | T6: 3/7 | U6: 10/7 | V6: 17/7 | W6: 24/7 | X6: 11/9 | Y6: 18/9 | Z6: 2/10
A7: 1 | B7: 21014 | C7: LIM XIN XUAN | D7: 林欣璇 | E7: P | F7: S3B | H7: 1 | I7: 1 | J7: 1 | K7: 1 | L7: 1 | M7: 1 | N7: 1 | O7: 1 | P7: 1 | Q7: 1 | R7: 1 | S7: 1 | T7: 1 | U7: 1 | V7: 1 | W7: 1 | X7: 1 | Y7: 1
A8: 2 | B8: 21021 | C8: CHAN JIE YEE | D8: 曾洁瑜 | E8: P | F8: S3B | H8: 1 | I8: 1 | J8: 1 | K8: 1 | L8: 1 | M8: 1 | N8: 1 | O8: 1 | P8: 1 | Q8: 1 | R8: 1 | S8: 1 | T8: 1 | U8: 1 | V8: 1 | W8: 1 | X8: 1 | Y8: 1
A9: 3 | B9: 21067 | C9: NG XIAN LONG | D9: 吴显隆 | E9: LH | F9: S3B | H9: 1 | I9: 1 | J9: 1 | K9: 1 | L9: 1 | M9: 1 | N9: 1 | O9: 1 | P9: 1 | Q9: 1 | R9: 1 | S9: 1 | T9: 1 | U9: 1 | V9: 1 | W9: 1 | X9: 1 | Y9: 1
A10: 4 | B10: 21177 | C10: LIM YI WEN | D10: 林依雯 | F10: S3B | H10: 1 | I10: 1 | J10: 1 | K10: 1 | L10: 1 | M10: 1 | N10: 1 | O10: 1 | P10: 1 | Q10: 1 | R10: 0 | S10: 1 | T10: 1 | U10: 1 | V10: 1 | W10: 1 | X10: 1 | Y10: 0
A11: 5 | B11: 21220 | C11: TEH JING SHUN | D11: 郑景顺 | E11: L | F11: S3B | H11: 1 | I11: 1 | J11: 1 | K11: 1 | L11: 1 | M11: 1 | N11: 1 | O11: 1 | P11: 1 | Q11: 1 | R11: 1 | S11: 1 | T11: 1 | U11: 1 | V11: 1 | W11: 1 | X11: 1 | Y11: 1
A12: 6 | B12: 21255 | C12: NG SHEN YANG | D12: 黄笙扬 | E12: LH | F12: S3B | H12: 1 | I12: 1 | J12: 1 | K12: 1 | L12: 1 | M12: 1 | N12: 1 | O12: 1 | P12: 1 | Q12: 1 | R12: 1 | S12: 1 | T12: 1 | U12: 1 | V12: 1 | W12: 1 | X12: 1 | Y12: 1
A13: 7 | B13: 21298 | C13: LIEW ZHI XUAN | D13: 刘祉轩 | E13: L | F13: S3B | H13: 1 | I13: 1 | J13: 1 | K13: 1 | L13: 1 | M13: 1 | N13: 1 | O13: 1 | P13: 1 | Q13: 1 | R13: 1 | S13: 1 | T13: 1 | U13: 1 | V13: 1 | W13: 1 | X13: 1 | Y13: 1
A14: 8 | B14: 22547 | C14: PANG TZE YINN | D14: 冯诗穎 | E14: PH | F14: S3B | H14: 1 | I14: 1 | J14: 1 | K14: 1 | L14: 1 | M14: 1 | N14: 1 | O14: 1 | P14: 1 | Q14: 1 | R14: 1 | S14: 1 | T14: 1 | U14: 1 | V14: 1 | W14: 1 | X14: 1 | Y14: 1
A18: 13
A19: 14
A20: 15
A21: 16
A22: 17
A23: 18
A24: 19
A25: 20
A26: 21
A27: 22
A28: 23
A29: 24
... A45: 40

Sheet C3A电脑 吴丽丽
A1: 科目： | C1: C3A电脑 | H1: 男 | J1: 女
A2: 时段: | C2: ='选修课表清单'!E14 -> Tuesday / 15:05~15:40 & Monday / 10:05~11:15 | G2: 走/宿 | H2: L | I2: LH | J2: P | K2: PH | L2: 总计
A3: 地点： | C3: ='选修课表清单'!F14 -> 电脑教室 | G3: 人数 | H3: =COUNTIF($E:$E,"L") -> 4 | I3: =COUNTIF($E:$E,"LH") -> 0 | J3: =COUNTIF($E:$E,"P") -> 4 | K3: =COUNTIF($E:$E,"PH") -> 1 | L3: =H4+J4 -> 9
A4: 老师： | C4: ='选修课表清单'!C14 -> 吴丽丽 | G4: 合计 | H4: =SUM(H3:I3) -> 4 | J4: =SUM(J3:K3) -> 5
H5: ⬇️ | I5: "Please start entering the class dates from cell H6."
A6: No. | B6: ADM. | C6: Name | D6: 姓名 | E6: 性别 | F6: 班级 | H6: 19/1 | I6: 20/1 | J6: 26/1 | K6: 27/1 | L6: 3/2 | M6: 24/2 | N6: 2/3 | O6: 3/3 | P6: 9/3 | Q6: 6/4 | R6: 7/4 | S6: 13/4 | T6: 14/4 | U6: 20/4 | V6: 21/4 | W6: 27/4 | X6: 28/4 | Y6: 4/5 | Z6: 5/5 | AA6: 12/5 | AB6: 8/6 | AC6: 9/6 | AD6: 15/6 | AE6: 16/6 | AF6: 22/6 | AG6: 29/6 | AH6: 30/6 | AI6: 13/7 | AJ6: 14/7 | AK6: 20/7 | AL6: 21/7 | AM6: 27/7 | AN6: 4/8 | AO6: 6/8 | AP6: 10/8 | AQ6: 8/11 | AR6: 17/8 | AS6: 24/8 | AT6: 7/9 | AU6: 8/9 | AV6: 12/9 | AW6: 15/9 | AX6: 29/9
A7: 1 | B7: 21161 | C7: TOH XIN YIN | D7: 卓昕颖 | E7: P | F7: C3A | H7: 1 | I7: 1 | J7: 1 | K7: 1 | L7: 1 | M7: 1 | N7: 1 | O7: 1 | P7: 1 | Q7: 1 | R7: 1 | S7: 1 | T7: 1 | U7: 1 | V7: 1 | W7: 1 | X7: 1 | Y7: 1 | Z7: 1 | AA7: 1 | AB7: 讲座会 | AC7: 1 | AD7: 特假 | AF7: 1 | AG7: 1 | AH7: 1 | AI7: 1 | AJ7: 1 | AK7: 1 | AL7: 1 | AM7: 1 | AN7: 1 | AO7: 1 | AP7: 1 | AQ7: 1 | AR7: 1 | AS7: 1 | AT7: 1 | AU7: 1 | AV7: 1 | AW7: 1 | AX7: 1
A8: 2 | B8: 21244 | C8: TANG PUO YEE | D8: 陈柏宇 | E8: L | F8: C3A | H8: 1 | I8: 1 | J8: 1 | K8: 1 | L8: 1 | M8: 1 | N8: 1 | O8: 1 | P8: 1 | Q8: 1 | R8: 1 | S8: 1 | T8: 1 | U8: 1 | V8: 1 | W8: 1 | X8: 1 | Y8: 1 | Z8: 1 | AA8: 1 | AC8: 1 | AF8: 1 | AG8: 1 | AH8: 1 | AI8: 1 | AJ8: 1 | AK8: 1 | AL8: 1 | AM8: 1 | AN8: 1 | AO8: 1 | AP8: 1 | AQ8: 1 | AR8: 1 | AS8: 1 | AT8: 1 | AU8: 1 | AV8: 1 | AW8: 1 | AX8: 1
A9: 3 | B9: 21369 | C9: CHAN JUN SHENG | D9: 陈俊升 | E9: L | F9: C3A | H9: 1 | I9: 1 | J9: 1 | K9: 1 | L9: 1 | M9: 1 | N9: 1 | O9: 1 | P9: 1 | Q9: 1 | R9: 1 | S9: 1 | T9: 1 | U9: 1 | V9: 1 | W9: 1 | X9: 1 | Y9: 1 | Z9: 1 | AA9: 1 | AC9: 1 | AF9: 1 | AG9: 1 | AH9: 1 | AI9: 1 | AJ9: 1 | AK9: 1 | AL9: 1 | AM9: 1 | AN9: 1 | AO9: 1 | AP9: 1 | AQ9: 1 | AR9: 1 | AS9: 1 | AT9: 1 | AU9: 1 | AV9: 1 | AW9: 1 | AX9: 1
A10: 4 | B10: 21374 | C10: WONG WEN ROU | D10: 王雯柔 | E10: P | F10: C3A | H10: 1 | I10: 1 | J10: 1 | K10: 1 | L10: 1 | M10: 1 | N10: 1 | O10: 1 | P10: 1 | Q10: 1 | R10: 1 | S10: 1 | T10: 1 | U10: 1 | V10: 1 | W10: 1 | X10: 1 | Y10: 1 | Z10: 1 | AA10: 1 | AC10: 1 | AF10: 1 | AG10: 1 | AH10: 1 | AI10: 1 | AJ10: 1 | AK10: 1 | AL10: 1 | AM10: 1 | AN10: 1 | AO10: 1 | AP10: 1 | AQ10: 1 | AR10: 1 | AS10: 1 | AT10: 1 | AU10: 1 | AV10: 1 | AW10: 1 | AX10: 1
A11: 5 | B11: 21478 | C11: CHONG KELLY | D11: 张凯莉 | E11: PH | F11: C3A | H11: 1 | I11: 1 | J11: 1 | K11: 1 | L11: 1 | M11: 1 | N11: 1 | O11: 1 | P11: 1 | Q11: 1 | R11: 1 | S11: 1 | T11: 1 | U11: 1 | V11: 1 | W11: 1 | X11: 1 | Y11: 1 | Z11: 1 | AA11: 1 | AC11: 1 | AF11: 1 | AG11: 1 | AH11: 1 | AI11: 1 | AJ11: 1 | AK11: 1 | AL11: 1 | AM11: 1 | AN11: 1 | AO11: 1 | AP11: 0 | AQ11: 1 | AR11: 1 | AS11: 1 | AT11: 1 | AU11: 1 | AV11: 1 | AW11: 1 | AX11: 1
A12: 6 | B12: 21493 | C12: NG ZHEN KAI | D12: 黄振恺 | E12: L | F12: C3A | H12: 1 | I12: 1 | J12: 1 | K12: 1 | L12: 1 | M12: 1 | N12: 1 | O12: 1 | P12: 1 | Q12: 1 | R12: 1 | S12: 1 | T12: 1 | U12: 1 | V12: 1 | W12: 1 | X12: 1 | Y12: 1 | Z12: 1 | AA12: 1 | AC12: 1 | AF12: 1 | AG12: 1 | AH12: 1 | AI12: 1 | AJ12: 1 | AK12: 1 | AL12: 1 | AM12: 1 | AN12: 1 | AO12: 1 | AP12: 1 | AQ12: 1 | AR12: 1 | AS12: 1 | AT12: 1 | AU12: 1 | AV12: 1 | AW12: 1 | AX12: 1
A13: 7 | B13: 21518 | C13: HIEW ZHI HAN | D13: 丘芷涵 | E13: P | F13: C3A | H13: 1 | I13: 1 | J13: 1 | K13: 1 | L13: 1 | M13: 1 | N13: 1 | O13: 1 | P13: 1 | Q13: 1 | R13: 1 | S13: 1 | T13: 1 | U13: 1 | V13: 1 | W13: 1 | X13: 1 | Y13: 1 | Z13: 1 | AA13: 1 | AC13: 1 | AF13: 1 | AG13: 1 | AH13: 1 | AI13: 1 | AJ13: 1 | AK13: 1 | AL13: 1 | AM13: 1 | AN13: 1 | AO13: 1 | AP13: 1 | AQ13: 1 | AR13: 1 | AS13: 1 | AT13: 1 | AU13: 1 | AV13: 1 | AW13: 1 | AX13: 1
A14: 8 | B14: 21542 | C14: LOK JING WEN | D14: 骆晶玟 | E14: P | F14: C3A | H14: 1 | I14: 1 | J14: 1 | K14: 1 | L14: 1 | M14: 1 | N14: 1 | O14: 1 | P14: 1 | Q14: 1 | R14: 1 | S14: 1 | T14: 1 | U14: 1 | V14: 1 | W14: 1 | X14: 1 | Y14: 1 | Z14: 1 | AA14: 1 | AC14: 1 | AF14: 1 | AG14: 1 | AH14: 1 | AI14: 1 | AJ14: 1 | AK14: 1 | AL14: 1 | AM14: 1 | AN14: 1 | AO14: 1 | AP14: 1 | AQ14: 1 | AR14: 1 | AS14: 1 | AT14: 1 | AU14: 1 | AV14: 1 | AW14: 1 | AX14: 1
A15: 9 | B15: 22513 | C15: CHONG LI XYENG | D15: 张立轩 | E15: L | F15: C3A | H15: 1 | I15: 1 | J15: 1 | K15: 1 | L15: 1 | M15: 1 | N15: 1 | O15: 1 | P15: 0 | Q15: 1 | R15: 1 | S15: 1 | T15: 1 | U15: 1 | V15: 1 | W15: 1 | X15: 1 | Y15: 1 | Z15: 1 | AA15: 1 | AC15: 1 | AF15: 1 | AG15: 1 | AH15: 1 | AI15: 1 | AJ15: 1 | AK15: 1 | AL15: 1 | AM15: 1 | AN15: 1 | AO15: 1 | AP15: 1 | AQ15: 1 | AR15: 1 | AS15: 1 | AT15: 1 | AU15: 1 | AV15: 0 | AW15: 1 | AX15: 1
A16: 10 | B16: 24499 | C16: SOO CHIE WOON | D16: 苏启文 | F16: C3A | H16: 1 | I16: 1 | J16: 1 | K16: 1 | L16: 1 | M16: 1 | N16: 1 | O16: 0 | P16: 1 | Q16: 1 | R16: 1 | S16: 1 | T16: 0 | U16: 1 | V16: 1 | W16: 1 | X16: 1 | Y16: 1 | Z16: 1 | AA16: 0 | AC16: 1 | AF16: 1 | AG16: 1 | AH16: 1 | AI16: 1 | AJ16: 1 | AK16: 1 | AL16: 1 | AM16: 1 | AN16: 1 | AO16: 1 | AP16: 1 | AQ16: 0 | AR16: 1 | AS16: 1 | AT16: 1 | AU16: 1 | AV16: 1 | AW16: 1 | AX16: 1
A17: 12
A18: 13
A19: 14
A20: 15
A21: 16
A22: 17
A23: 18
A24: 19
A25: 20
A26: 21
A27: 22
A28: 23
... A45: 40

Sheet C3B电脑 吴丽丽
A1: 科目： | C1: C3B电脑 | H1: 男 | J1: 女
A2: 时段: | C2: ='选修课表清单'!E15 -> Tuesday / 15:05~15:40 & Monday / 10:05~11:15 | G2: 走/宿 | H2: L | I2: LH | J2: P | K2: PH | L2: 总计
A3: 地点： | C3: ='选修课表清单'!F15 -> 电脑教室 | G3: 人数 | H3: =COUNTIF($E:$E,"L") -> 3 | I3: =COUNTIF($E:$E,"LH") -> 0 | J3: =COUNTIF($E:$E,"P") -> 6 | K3: =COUNTIF($E:$E,"PH") -> 2 | L3: =H4+J4 -> 11
A4: 老师： | C4: ='选修课表清单'!C15 -> 吴丽丽 | G4: 合计 | H4: =SUM(H3:I3) -> 3 | J4: =SUM(J3:K3) -> 8
H5: ⬇️ | I5: "Please start entering the class dates from cell H6."
A6: No. | B6: ADM. | C6: Name | D6: 姓名 | E6: 性别 | F6: 班级 | H6: 19/1 | I6: 20/1 | J6: 26/1 | K6: 27/1 | L6: 2/2 | M6: 24/2 | N6: 2/3 | O6: 3/3 | P6: 9/3 | Q6: 6/4 | R6: 7/4 | S6: 13/4 | T6: 14/4 | U6: 20/4 | V6: 21/4 | W6: 27/428/4 | Y6: 4/5 | Z6: 5/5 | AA6: 8/6 | AB6: 9/6 | AC6: 15/6 | AD6: 15/6 | AE6: 22/6 | AF6: 29/6 | AG6: 30/6 | AH6: 13/7 | AI6: 14/7 | AJ6: 20/7 | AK6: 21/7 | AL6: 27/7 | AM6: 4/8 | AN6: 6/8 | AO6: 10/8 | AP6: 11/8 | AQ6: 17/8 | AR6: 24/8 | AS6: 7/9 | AT6: 8/9 | AU6: 12/9 | AV6: 15/9 | AW6: 29/9
A7: 1 | B7: 21023 | C7: GIZELLE CHIN YU XI | D7: 陈瑜熙 | E7: P | F7: C3B | H7: 1 | I7: 1 | J7: 1 | K7: 1 | L7: 1 | M7: 1 | N7: 1 | O7: 1 | P7: 1 | Q7: 1 | R7: 1 | S7: 1 | T7: 1 | U7: 1 | V7: 1 | W7: 1 | X7: 1 | Y7: 1 | Z7: 1 | AA7: 讲座会 | AB7: 1 | AC7: 特假 | AE7: 1 | AF7: 1 | AG7: 1 | AH7: 1 | AI7: 1 | AJ7: 1 | AK7: 1 | AL7: 1 | AM7: 1 | AN7: 1 | AO7: 1 | AP7: 1 | AQ7: 1 | AR7: 1 | AS7: 1 | AT7: 1 | AU7: 1 | AV7: 1 | AW7: 1
A8: 2 | B8: 21044 | C8: SEOW YEE HAN | D8: 萧伊涵 | E8: P | F8: C3B | H8: 1 | I8: 1 | J8: 1 | K8: 1 | L8: 1 | M8: 1 | N8: 1 | O8: 1 | P8: 1 | Q8: 1 | R8: 1 | S8: 1 | T8: 0 | U8: 1 | V8: 1 | W8: 1 | X8: 1 | Y8: 1 | Z8: 1 | AB8: 1 | AE8: 1 | AF8: 1 | AG8: 1 | AH8: 1 | AI8: 1 | AJ8: 1 | AK8: 1 | AL8: 1 | AM8: 1 | AN8: 1 | AO8: 1 | AP8: 1 | AQ8: 1 | AR8: 1 | AS8: 1 | AT8: 1 | AU8: 1 | AV8: 1 | AW8: 1
A9: 3 | B9: 21050 | C9: LAM ZI XUAN | D9: 林子譞 | E9: P | F9: C3B | H9: 1 | I9: 1 | J9: 1 | K9: 1 | L9: 1 | M9: 1 | N9: 1 | O9: 1 | P9: 1 | Q9: 1 | R9: 1 | S9: 1 | T9: 1 | U9: 1 | V9: 1 | W9: 1 | X9: 1 | Y9: 1 | Z9: 1 | AB9: 1 | AE9: 1 | AF9: 1 | AG9: 1 | AH9: 1 | AI9: 1 | AJ9: 1 | AK9: 1 | AL9: 1 | AM9: 1 | AN9: 1 | AO9: 1 | AP9: 1 | AQ9: 1 | AR9: 1 | AS9: 1 | AT9: 1 | AU9: 1 | AV9: 1 | AW9: 1
A10: 4 | B10: 21160 | C10: TEE GUAN SHERN | D10: 池冠燊 | E10: L | F10: C3B | H10: 1 | I10: 1 | J10: 1 | K10: 1 | L10: 1 | M10: 1 | N10: 1 | O10: 1 | P10: 1 | Q10: 1 | R10: 1 | S10: 1 | T10: 1 | U10: 1 | V10: 1 | W10: 1 | X10: 1 | Y10: 1 | Z10: 1 | AB10: 1 | AE10: 1 | AF10: 1 | AG10: 1 | AH10: 1 | AI10: 1 | AJ10: 1 | AK10: 1 | AL10: 1 | AM10: 1 | AN10: 1 | AO10: 1 | AP10: 1 | AQ10: 1 | AR10: 1 | AS10: 1 | AT10: 1 | AU10: 1 | AV10: 1 | AW10: 1
A11: 5 | B11: 21190 | C11: LIM ZHUO XUAN | D11: 林卓萱 | E11: P | F11: C3B | H11: 1 | I11: 1 | J11: 1 | K11: 1 | L11: 1 | M11: 1 | N11: 1 | O11: 1 | P11: 1 | Q11: 1 | R11: 1 | S11: 1 | T11: 1 | U11: 1 | V11: 1 | W11: 1 | X11: 1 | Y11: 1 | Z11: 1 | AB11: 1 | AE11: 1 | AF11: 1 | AG11: 1 | AH11: 1 | AI11: 1 | AJ11: 1 | AK11: 1 | AL11: 1 | AM11: 1 | AN11: 1 | AO11: 1 | AP11: 1 | AQ11: 1 | AR11: 1 | AS11: 1 | AT11: 1 | AU11: 1 | AV11: 1 | AW11: 1
A12: 6 | B12: 21206 | C12: LEE XIN NEE | D12: 李芯妮 | E12: PH | F12: C3B | H12: 1 | I12: 1 | J12: 1 | K12: 1 | L12: 0 | M12: 1 | N12: 1 | O12: 1 | P12: 1 | Q12: 1 | R12: 1 | S12: 1 | T12: 1 | U12: 1 | V12: 1 | W12: 1 | X12: 1 | Y12: 1 | Z12: 1 | AB12: 1 | AE12: 1 | AF12: 1 | AG12: 1 | AH12: 1 | AI12: 1 | AJ12: 1 | AK12: 1 | AL12: 1 | AM12: 1 | AN12: 1 | AO12: 1 | AP12: 1 | AQ12: 1 | AR12: 1 | AS12: 1 | AT12: 1 | AU12: 1 | AV12: 1 | AW12: 1
A13: 7 | B13: 21210 | C13: WONG JIE NEE | D13: 王婕妮 | E13: P | F13: C3B | H13: 1 | I13: 1 | J13: 1 | K13: 1 | L13: 1 | M13: 1 | N13: 1 | O13: 1 | P13: 1 | Q13: 1 | R13: 1 | S13: 1 | T13: 1 | U13: 1 | V13: 1 | W13: 1 | X13: 1 | Y13: 1 | Z13: 1 | AB13: 1 | AE13: 1 | AF13: 1 | AG13: 1 | AH13: 1 | AI13: 1 | AJ13: 1 | AK13: 1 | AL13: 1 | AM13: 1 | AN13: 1 | AO13: 1 | AP13: 1 | AQ13: 1 | AR13: 1 | AS13: 1 | AT13: 1 | AU13: 1 | AV13: 1 | AW13: 1
A14: 8 | B14: 21237 | C14: CHOW MEI XIU | D14: 周美兆 | E14: PH | F14: C3B | H14: 1 | I14: 1 | J14: 1 | K14: 1 | L14: 1 | M14: 1 | N14: 1 | O14: 1 | P14: 1 | Q14: 1 | R14: 1 | S14: 1 | T14: 1 | U14: 1 | V14: 1 | W14: 1 | X14: 1 | Y14: 1 | Z14: 1 | AB14: 1 | AE14: 1 | AF14: 1 | AG14: 1 | AH14: 1 | AI14: 1 | AJ14: 1 | AK14: 1 | AL14: 1 | AM14: 1 | AN14: 1 | AO14: 1 | AP14: 1 | AQ14: 1 | AR14: 1 | AS14: 1 | AT14: 1 | AU14: 1 | AV14: 1 | AW14: 1
A15: 9 | B15: 21245 | C15: YAP JUN XIANG | D15: 叶俊祥 | E15: L | F15: C3B | H15: 1 | I15: 1 | J15: 1 | K15: 1 | L15: 1 | M15: 1 | N15: 1 | O15: 1 | P15: 1 | Q15: 1 | R15: 1 | S15: 1 | T15: 1 | U15: 1 | V15: 1 | W15: 1 | X15: 1 | Y15: 1 | Z15: 1 | AB15: 1 | AE15: 1 | AF15: 1 | AG15: 1 | AH15: 1 | AI15: 1 | AJ15: 1 | AK15: 1 | AL15: 1 | AM15: 1 | AN15: 1 | AO15: 1 | AP15: 1 | AQ15: 1 | AR15: 1 | AS15: 1 | AT15: 1 | AU15: 0 | AV15: 1 | AW15: 1
A16: 10 | B16: 21297 | C16: LAM TECK HAN | D16: 林德瀚 | E16: L | F16: C3B | H16: 1 | I16: 1 | J16: 1 | K16: 1 | L16: 0 | M16: 1 | N16: 1 | O16: 1 | P16: 1 | Q16: 1 | R16: 0 | S16: 1 | T16: 1 | U16: 1 | V16: 1 | W16: 1 | X16: 1 | Y16: 1 | Z16: 0 | AB16: 1 | AE16: 1 | AF16: 1 | AG16: 1 | AH16: 1 | AI16: 1 | AJ16: 1 | AK16: 1 | AL16: 1 | AM16: 0 | AN16: 1 | AO16: 1 | AP16: 1 | AQ16: 1 | AR16: 1 | AS16: 1 | AT16: 1 | AU16: 1 | AV16: 1 | AW16: 1
A17: 11 | B17: 21378 | C17: CHLOE CHEW | D17: 周可旖 | E17: P | F17: C3B | H17: 1 | I17: 1 | J17: 1 | K17: 1 | L17: 1 | M17: 1 | N17: 1 | O17: 1 | P17: 0 | Q17: 1 | R17: 1 | S17: 1 | T17: 1 | U17: 1 | V17: 1 | W17: 1 | X17: 1 | Y17: 1 | Z17: 1 | AB17: 1 | AE17: 1 | AF17: 1 | AG17: 1 | AH17: 1 | AI17: 1 | AJ17: 1 | AK17: 1 | AL17: 1 | AM17: 1 | AN17: 1 | AO17: 1 | AP17: 1 | AQ17: 1 | AR17: 1 | AS17: 1 | AT17: 1 | AU17: 1 | AV17: 1 | AW17: 1
A18: 12
A19: 13
A20: 14
A21: 15
A22: 16
A23: 17
A24: 18
A25: 19
A26: 20
A27: 21
A28: 22
A29: 23
... A46: 40

Sheet C3C电脑 吴丽丽
A1: 科目： | C1: C3C电脑 | H1: 男 | J1: 女
A2: 时段: | C2: ='选修课表清单'!E16 -> Thursday / 15:05~15:40 & Tuesday / 10:05~11:15 | G2: 走/宿 | H2: L | I2: LH | J2: P | K2: PH | L2: 总计
A3: 地点： | C3: ='选修课表清单'!F16 -> 电脑教室 | G3: 人数 | H3: =COUNTIF($E:$E,"L") -> 6 | I3: =COUNTIF($E:$E,"LH") -> 2 | J3: =COUNTIF($E:$E,"P") -> 6 | K3: =COUNTIF($E:$E,"PH") -> 3 | L3: =H4+J4 -> 17
A4: 老师： | C4: ='选修课表清单'!C16 -> 吴丽丽 | G4: 合计 | H4: =SUM(H3:I3) -> 8 | J4: =SUM(J3:K3) -> 9
H5: ⬇️ | I5: "Please start entering the class dates from cell H6."
A6: No. | B6: ADM. | C6: Name | D6: 姓名 | E6: 性别 | F6: 班级 | H6: 20/1 | I6: 22/1 | J6: 27/1 | K6: 29/1 | L6: 3/2 | M6: 5/2 | N6: 2/10 | O6: 12/2 | P6: 26/2 | Q6: 3/3 | R6: 7/4 | S6: 9/4 | T6: 14/4 | U6: 21/4 | V6: 23/4 | W6: 28/4 | X6: 30/4 | Y6: 5/5 | Z6: 7/5 | AA6: 12/5 | AB6: 9/6 | AC6: 11/6 | AD6: 16/9 | AE6: 18/6 | AF6: 25/6 | AG6: 30/6 | AH6: 2/7 | AI6: 9/7 | AJ6: 14/7 | AK6: 21/7 | AL6: 23/7 | AM6: 4/8 | AN6: 6/8 | AO6: 11/8 | AP6: 18/8 | AQ6: 18/8 | AR6: 27/8 | AS6: 8/9 | AT6: 9/9 | AU6: 10/9 | AV6: 15/9 | AW6: 17/9 | AX6: 29/9 | AY6: 1/10
A7: 1 | B7: 21086 | C7: BONG ZHONG QUAN | D7: 黄中权 | E7: L | F7: C3C | H7: 1 | I7: 1 | J7: 1 | K7: 1 | L7: 1 | M7: 1 | N7: 1 | O7: 1 | P7: 1 | Q7: 1 | R7: 1 | S7: 1 | T7: 1 | U7: 1 | V7: 1 | W7: 1 | X7: 1 | Y7: 1 | Z7: 1 | AA7: 1 | AB7: 1 | AC7: 1 | AD7: 特假 | AF7: 1 | AG7: 1 | AH7: 1 | AI7: 0 | AJ7: 1 | AK7: 1 | AL7: 1 | AM7: 1 | AN7: 1 | AO7: 1 | AP7: 1 | AQ7: awal muharram | AR7: 1 | AS7: 1 | AT7: 1 | AU7: 1 | AV7: 1 | AW7: 1 | AX7: 1
A8: 2 | B8: 21094 | C8: HEW JIN YEW | D8: 邱靖媃 | E8: P | F8: C3C | H8: 1 | I8: 1 | J8: 1 | K8: 1 | L8: 1 | M8: 1 | N8: 1 | O8: 1 | P8: 1 | Q8: 1 | R8: 0 | S8: 1 | T8: 1 | U8: 1 | V8: 1 | W8: 1 | X8: 1 | Y8: 1 | Z8: 1 | AA8: 1 | AB8: 1 | AC8: 1 | AF8: 1 | AG8: 1 | AH8: 1 | AI8: 1 | AJ8: 1 | AK8: 1 | AL8: 1 | AM8: 1 | AN8: 0 | AO8: 1 | AP8: 1 | AR8: 1 | AS8: 1 | AT8: 1 | AU8: 1 | AV8: 1 | AW8: 1 | AX8: 1
A9: 3 | B9: 21098 | C9: NEW JIN ROU | D9: 梁瑾柔 | E9: P | F9: C3C | H9: 1 | I9: 1 | J9: 1 | K9: 1 | L9: 1 | M9: 1 | N9: 1 | O9: 1 | P9: 1 | Q9: 1 | R9: 1 | S9: 1 | T9: 1 | U9: 1 | V9: 1 | W9: 1 | X9: 1 | Y9: 1 | Z9: 1 | AA9: 1 | AB9: 1 | AC9: 1 | AF9: 1 | AG9: 1 | AH9: 1 | AI9: 1 | AJ9: 1 | AK9: 1 | AL9: 1 | AM9: 1 | AN9: 1 | AO9: 1 | AP9: 1 | AR9: 1 | AS9: 1 | AT9: 1 | AU9: 1 | AV9: 1 | AW9: 1 | AX9: 1
A10: 4 | B10: 21133 | C10: WONG WEN HONG | D10: 黄文宏 | E10: L | F10: C3C | H10: 1 | I10: 1 | J10: 1 | K10: 1 | L10: 1 | M10: 1 | N10: 1 | O10: 1 | P10: 1 | Q10: 1 | R10: 1 | S10: 1 | T10: 1 | U10: 1 | V10: 1 | W10: 1 | X10: 1 | Y10: 1 | Z10: 1 | AA10: 1 | AB10: 1 | AC10: 1 | AF10: 1 | AG10: 1 | AH10: 1 | AI10: 1 | AJ10: 1 | AK10: 1 | AL10: 1 | AM10: 1 | AN10: 1 | AO10: 0 | AP10: 1 | AR10: 1 | AS10: 1 | AT10: 1 | AU10: 1 | AV10: 1 | AW10: 1 | AX10: 1
A11: 5 | B11: 21139 | C11: NG BOEY | D11: 黄宝怡 | E11: PH | F11: C3C | H11: 1 | I11: 1 | J11: 1 | K11: 1 | L11: 1 | M11: 1 | N11: 1 | O11: 1 | P11: 1 | Q11: 1 | R11: 1 | S11: 1 | T11: 1 | U11: 1 | V11: 1 | W11: 1 | X11: 1 | Y11: 1 | Z11: 1 | AA11: 1 | AB11: 1 | AC11: 1 | AF11: 1 | AG11: 1 | AH11: 1 | AI11: 1 | AJ11: 1 | AK11: 1 | AL11: 1 | AM11: 1 | AN11: 1 | AO11: 1 | AP11: 1 | AR11: 1 | AS11: 1 | AT11: 1 | AU11: 1 | AV11: 1 | AW11: 1 | AX11: 1 | BB11: /9
A12: 6 | B12: 21144 | C12: WESLEY CHONG KHAI YUAN | D12: 张棨言 | E12: LH | F12: C3C | H12: 1 | I12: 1 | J12: 1 | K12: 1 | L12: 1 | M12: 1 | N12: 1 | O12: 1 | P12: 1 | Q12: 1 | R12: 1 | S12: 1 | T12: 1 | U12: 1 | V12: 1 | W12: 1 | X12: 0 | Y12: 1 | Z12: 1 | AA12: 1 | AB12: 1 | AC12: 1 | AF12: 1 | AG12: 1 | AH12: 1 | AI12: 1 | AJ12: 1 | AK12: 1 | AL12: 1 | AM12: 1 | AN12: 1 | AO12: 1 | AP12: 1 | AR12: 1 | AS12: 1 | AT12: 1 | AU12: 1 | AV12: 1 | AW12: 1 | AX12: 1
A13: 7 | B13: 21162 | C13: YAP YONG ER | D13: 叶咏儿 | E13: P | F13: C3C | H13: 1 | I13: 1 | J13: 1 | K13: 1 | L13: 1 | M13: 1 | N13: 1 | O13: 1 | P13: 1 | Q13: 1 | R13: 1 | S13: 1 | T13: 1 | U13: 1 | V13: 1 | W13: 1 | X13: 1 | Y13: 1 | Z13: 1 | AA13: 1 | AB13: 1 | AC13: 1 | AF13: 1 | AG13: 1 | AH13: 1 | AI13: 1 | AJ13: 1 | AK13: 1 | AL13: 1 | AM13: 1 | AN13: 1 | AO13: 1 | AP13: 1 | AR13: 1 | AS13: 1 | AT13: 1 | AU13: 1 | AV13: 1 | AW13: 1 | AX13: 1
A14: 8 | B14: 21211 | C14: GO YAN SHAN | D14: 伍雁珊 | E14: PH | F14: C3C | H14: 1 | I14: 1 | J14: 1 | K14: 1 | L14: 1 | M14: 1 | N14: 1 | O14: 1 | P14: 1 | Q14: 1 | R14: 1 | S14: 1 | T14: 1 | U14: 1 | V14: 1 | W14: 1 | X14: 1 | Y14: 1 | Z14: 1 | AA14: 1 | AB14: 1 | AC14: 1 | AF14: 1 | AG14: 1 | AH14: 1 | AI14: 1 | AJ14: 1 | AK14: 1 | AL14: 1 | AM14: 1 | AN14: 1 | AO14: 1 | AP14: 1 | AR14: 1 | AS14: 1 | AT14: 1 | AU14: 1 | AV14: 1 | AW14: 1 | AX14: 1
A15: 9 | B15: 21266 | C15: LAI CHUN HOO | D15: 赖俊和 | E15: L | F15: C3C | H15: 1 | I15: 1 | J15: 1 | K15: 1 | L15: 1 | M15: 1 | N15: 1 | O15: 1 | P15: 1 | Q15: 1 | R15: 0 | S15: 1 | T15: 1 | U15: 1 | V15: 1 | W15: 1 | X15: 1 | Y15: 1 | Z15: 1 | AA15: 1 | AB15: 1 | AC15: 1 | AF15: 1 | AG15: 1 | AH15: 1 | AI15: 1 | AJ15: 1 | AK15: 1 | AL15: 1 | AM15: 1 | AN15: 1 | AO15: 1 | AP15: 1 | AR15: 1 | AS15: 1 | AT15: 1 | AU15: 1 | AV15: 1 | AW15: 1 | AX15: 1
A16: 10 | B16: 21279 | C16: CHAN PUI XUAN | D16: 曾培萱 | E16: P | F16: C3C | H16: 1 | I16: 1 | J16: 1 | K16: 1 | L16: 1 | M16: 1 | N16: 1 | O16: 1 | P16: 1 | Q16: 1 | R16: 1 | S16: 1 | T16: 1 | U16: 1 | V16: 1 | W16: 1 | X16: 1 | Y16: 1 | Z16: 1 | AA16: 1 | AB16: 1 | AC16: 1 | AF16: 1 | AG16: 1 | AH16: 1 | AI16: 1 | AJ16: 1 | AK16: 1 | AL16: 1 | AM16: 1 | AN16: 1 | AO16: 1 | AP16: 1 | AR16: 1 | AS16: 1 | AT16: 1 | AU16: 1 | AV16: 1 | AW16: 1 | AX16: 1
A17: 11 | B17: 21330 | C17: KWEE KHAI ZHE | D17: 魏愷哲 | E17: L | F17: C3C | H17: 1 | I17: 1 | J17: 1 | K17: 1 | L17: 1 | M17: 1 | N17: 1 | O17: 1 | P17: 1 | Q17: 1 | R17: 1 | S17: 1 | T17: 1 | U17: 1 | V17: 0 | W17: 1 | X17: 1 | Y17: 1 | Z17: 1 | AA17: 1 | AB17: 1 | AC17: 1 | AF17: 1 | AG17: 1 | AH17: 1 | AI17: 1 | AJ17: 1 | AK17: 1 | AL17: 1 | AM17: 1 | AN17: 1 | AO17: 1 | AP17: 1 | AR17: 1 | AS17: 1 | AT17: 1 | AU17: 1 | AV17: 1 | AW17: 1 | AX17: 1
A18: 12 | B18: 21341 | C18: CHONG YONG EN | D18: 张詠恩 | E18: P | F18: C3C | H18: 1 | I18: 1 | J18: 1 | K18: 1 | L18: 1 | M18: 1 | N18: 1 | O18: 1 | P18: 1 | Q18: 1 | R18: 1 | S18: 1 | T18: 1 | U18: 1 | V18: 1 | W18: 1 | X18: 1 | Y18: 1 | Z18: 1 | AA18: 1 | AB18: 1 | AC18: 1 | AF18: 1 | AG18: 1 | AH18: 1 | AI18: 1 | AJ18: 1 | AK18: 1 | AL18: 1 | AM18: 1 | AN18: 1 | AO18: 1 | AP18: 1 | AR18: 1 | AS18: 1 | AT18: 1 | AU18: 1 | AV18: 1 | AW18: 1 | AX18: 1
A19: 13 | B19: 21411 | C19: ALFRED YEE CHEE HOW | D19: 余启豪 | E19: L | F19: C3C | H19: 1 | I19: 1 | J19: 1 | K19: 1 | L19: 1 | M19: 1 | N19: 1 | O19: 1 | P19: 1 | Q19: 1 | R19: 1 | S19: 1 | T19: 1 | U19: 1 | V19: 1 | W19: 1 | X19: 1 | Y19: 1 | Z19: 1 | AA19: 1 | AB19: 1 | AC19: 1 | AF19: 1 | AG19: 1 | AH19: 1 | AI19: 1 | AJ19: 1 | AK19: 1 | AL19: 1 | AM19: 1 | AN19: 1 | AO19: 0 | AP19: 1 | AR19: 1 | AS19: 1 | AT19: 1 | AU19: 1 | AV19: 1 | AW19: 1 | AX19: 1
A20: 14 | B20: 21455 | C20: YOW SHAN LIK | D20: 饶善立 | E20: LH | F20: C3C | H20: 1 | I20: 0 | J20: 1 | K20: 1 | L20: 1 | M20: 1 | N20: 1 | O20: 1 | P20: 1 | Q20: 1 | R20: 1 | S20: 1 | T20: 1 | U20: 1 | V20: 1 | W20: 1 | X20: 1 | Y20: 1 | Z20: 1 | AA20: 1 | AB20: 1 | AC20: 1 | AF20: 1 | AG20: 1 | AH20: 1 | AI20: 1 | AJ20: 1 | AK20: 1 | AL20: 1 | AM20: 1 | AN20: 1 | AO20: 1 | AP20: 1 | AR20: 1 | AS20: 1 | AT20: 1 | AU20: 1 | AV20: 1 | AW20: 1 | AX20: 1
A21: 15 | B21: 21458 | C21: WONG ZHENG HIN | D21: 黄钲轩 | E21: L | F21: C3C | H21: 1 | I21: 0 | J21: 1 | K21: 1 | L21: 1 | M21: 1 | N21: 1 | O21: 1 | P21: 1 | Q21: 1 | R21: 1 | S21: 1 | T21: 1 | U21: 1 | V21: 1 | W21: 1 | X21: 1 | Y21: 1 | Z21: 1 | AA21: 1 | AB21: 1 | AC21: 1 | AF21: 1 | AG21: 1 | AH21: 1 | AI21: 2 | AJ21: 1 | AK21: 1 | AL21: 1 | AM21: 1 | AN21: 1 | AO21: 1 | AP21: 1 | AR21: 1 | AS21: 1 | AT21: 1 | AU21: 1 | AV21: 1 | AW21: 1 | AX21: 1
A22: 16 | B22: 21465 | C22: CHIN YAN YI | D22: 陈盈瑀 | E22: PH | F22: C3C | H22: 1 | I22: 1 | J22: 1 | K22: 1 | L22: 1 | M22: 1 | N22: 1 | O22: 1 | P22: 1 | Q22: 1 | R22: 1 | S22: 1 | T22: 1 | U22: 1 | V22: 1 | W22: 1 | X22: 1 | Y22: 1 | Z22: 1 | AA22: 1 | AB22: 1 | AC22: 1 | AF22: 1 | AG22: 1 | AH22: 1 | AI22: 1 | AJ22: 1 | AK22: 1 | AL22: 1 | AM22: 1 | AN22: 1 | AO22: 1 | AP22: 1 | AR22: 1 | AS22: 1 | AT22: 1 | AU22: 1 | AV22: 1 | AW22: 1 | AX22: 1
A23: 17 | B23: 21524 | C23: CHAN CHI SHAN | D23: 陈姿杉 | E23: P | F23: C3C | H23: 1 | I23: 1 | J23: 1 | K23: 1 | L23: 1 | M23: 1 | N23: 1 | O23: 0 | P23: 1 | Q23: 1 | R23: 1 | S23: 1 | T23: 1 | U23: 1 | V23: 1 | W23: 1 | X23: 1 | Y23: 1 | Z23: 1 | AA23: 1 | AB23: 1 | AC23: 1 | AF23: 1 | AG23: 1 | AH23: 1 | AI23: 1 | AJ23: 1 | AK23: 1 | AL23: 1 | AM23: 1 | AN23: 1 | AO23: 1 | AP23: 1 | AR23: 1 | AS23: 1 | AT23: 1 | AU23: 1 | AV23: 1 | AW23: 1 | AX23: 1
A24: 18
A25: 19
A26: 20
A27: 21
A28: 22
A29: 23
A30: 24
A31: 25
A32: 26
A33: 27
A34: 28
A35: 29
... A46: 40

Sheet C3D电脑 吴丽丽
A1: 科目： | C1: C3D电脑 | H1: 男 | J1: 女
A2: 时段: | C2: ='选修课表清单'!E17 -> Thursday / 15:05~15:40 & Tuesday / 10:05~11:15 | G2: 走/宿 | H2: L | I2: LH | J2: P | K2: PH | L2: 总计
A3: 地点： | C3: ='选修课表清单'!F17 -> 电脑教室 | G3: 人数 | H3: =COUNTIF($E:$E,"L") -> 3 | I3: =COUNTIF($E:$E,"LH") -> 2 | J3: =COUNTIF($E:$E,"P") -> 4 | K3: =COUNTIF($E:$E,"PH") -> 3 | L3: =H4+J4 -> 12
A4: 老师： | C4: ='选修课表清单'!C17 -> 吴丽丽 | G4: 合计 | H4: =SUM(H3:I3) -> 5 | J4: =SUM(J3:K3) -> 7
H5: ⬇️ | I5: "Please start entering the class dates from cell H6."
A6: No. | B6: ADM. | C6: Name | D6: 姓名 | E6: 性别 | F6: 班级 | H6: 20/1 | I6: 22/1 | J6: 27/1 | K6: 29/1 | L6: 2/3 | M6: 2/5 | N6: 2/10 | O6: 12/2 | P6: 26/2 | Q6: 3/3 | R6: 7/4 | S6: 9/4 | T6: 14/4 | U6: 21/4 | V6: 23/4 | W6: 28/4 | X6: 30/4 | Y6: 5/5 | Z6: 7/5 | AA6: 12/5 | AB6: 9/6 | AC6: 11/6 | AD6: 16/9 | AE6: 16/9 | AF6: 26/6 | AG6: 30/6 | AH6: 2/7 | AI6: 9/7 | AJ6: 14/7 | AK6: 21/7 | AL6: 21/7 | AM6: 4/8 | AN6: 6/8 | AO6: 11/8 | AP6: 18/8 | AQ6: 25/8 | AR6: 27/8 | AS6: 8/9 | AT6: 9/9 | AU6: 10/9 | AV6: 15/9 | AW6: 17/9 | AX6: 29/9 | AY6: 1/10
A7: 1 | B7: 21061 | C7: WOON QIAO YING | D7: 温巧滢 | E7: P | F7: C3D | H7: 1 | I7: 1 | J7: 1 | K7: 1 | L7: 1 | M7: 1 | N7: 1 | O7: 1 | P7: 1 | Q7: 1 | R7: 1 | S7: 1 | T7: 1 | U7: 1 | V7: 1 | W7: 1 | X7: 1 | Y7: 1 | Z7: 1 | AA7: 1 | AB7: 1 | AC7: 1 | AD7: 特假 | AF7: 1 | AG7: 1 | AH7: 1 | AI7: 1 | AJ7: 1 | AK7: 1 | AL7: 1 | AM7: 1 | AN7: 1 | AO7: 1 | AP7: 1 | AQ7: AWAL MUHARRAM | AR7: 1 | AS7: 1 | AT7: 1 | AU7: 1 | AV7: 1 | AW7: 1 | AX7: 1
A8: 2 | B8: 21201 | C8: TAN HUI YEE | D8: 陈慧怡 | E8: PH | F8: C3D | H8: 1 | I8: 1 | J8: 1 | K8: 1 | L8: 1 | M8: 1 | N8: 1 | O8: 1 | P8: 1 | Q8: 1 | R8: 1 | S8: 1 | T8: 1 | U8: 1 | V8: 1 | W8: 1 | X8: 1 | Y8: 1 | Z8: 1 | AA8: 1 | AB8: 1 | AC8: 1 | AF8: 1 | AG8: 1 | AH8: 1 | AI8: 1 | AJ8: 1 | AK8: 1 | AL8: 1 | AM8: 1 | AN8: 1 | AO8: 1 | AP8: 1 | AR8: 1 | AS8: 1 | AT8: 1 | AU8: 1 | AV8: 1 | AW8: 1 | AX8: 1
A9: 3 | B9: 21213 | C9: LAW HONG ZHE | D9: 刘洪帻 | E9: LH | F9: C3D | H9: 1 | I9: 1 | J9: 1 | K9: 1 | L9: 1 | M9: 1 | N9: 1 | O9: 1 | P9: 1 | Q9: 1 | R9: 1 | S9: 1 | T9: 1 | U9: 1 | V9: 1 | W9: 1 | X9: 1 | Y9: 1 | Z9: 1 | AA9: 1 | AB9: 1 | AC9: 1 | AF9: 1 | AG9: 1 | AH9: 1 | AI9: 1 | AJ9: 1 | AK9: 1 | AL9: 1 | AM9: 1 | AN9: 1 | AO9: 1 | AP9: 1 | AR9: 1 | AS9: 1 | AT9: 1 | AU9: 1 | AV9: 1 | AW9: 1 | AX9: 1
A10: 4 | B10: 21247 | C10: TANG YOONG KEN | D10: 陈勇键 | E10: L | F10: C3D | H10: 1 | I10: 1 | J10: 1 | K10: 1 | L10: 1 | M10: 1 | N10: 1 | O10: 1 | P10: 1 | Q10: 1 | R10: 1 | S10: 1 | T10: 1 | U10: 1 | V10: 1 | W10: 1 | X10: 0 | Y10: 1 | Z10: 1 | AA10: 1 | AB10: 1 | AC10: 1 | AF10: 1 | AG10: 1 | AH10: 1 | AI10: 1 | AJ10: 0 | AK10: 1 | AL10: 1 | AM10: 1 | AN10: 1 | AO10: 1 | AP10: 1 | AR10: 1 | AS10: 1 | AT10: 1 | AU10: 1 | AV10: 1 | AW10: 1 | AX10: 1
A11: 5 | B11: 21250 | C11: CHIAH AYE QI | D11: 谢艾祺 | E11: PH | F11: C3D | H11: 1 | I11: 1 | J11: 1 | K11: 1 | L11: 1 | M11: 1 | N11: 1 | O11: 1 | P11: 1 | Q11: 1 | R11: 1 | S11: 1 | T11: 1 | U11: 1 | V11: 0 | W11: 1 | X11: 1 | Y11: 1 | Z11: 1 | AA11: 1 | AB11: 1 | AC11: 1 | AF11: 1 | AG11: 1 | AH11: 1 | AI11: 1 | AJ11: 1 | AK11: 1 | AL11: 1 | AM11: 1 | AN11: 1 | AO11: 1 | AP11: 1 | AR11: 1 | AS11: 1 | AT11: 1 | AU11: 1 | AV11: 1 | AW11: 1 | AX11: 1
A12: 6 | B12: 21285 | C12: FOO SIOW CHENG | D12: 胡筱晴 | E12: PH | F12: C3D | H12: 1 | I12: 1 | J12: 1 | K12: 1 | L12: 1 | M12: 1 | N12: 1 | O12: 0 | P12: 1 | Q12: 1 | R12: 1 | S12: 1 | T12: 1 | U12: 1 | V12: 1 | W12: 1 | X12: 0 | Y12: 1 | Z12: 1 | AA12: 1 | AB12: 1 | AC12: 1 | AF12: 1 | AG12: 1 | AH12: 1 | AI12: 1 | AJ12: 1 | AK12: 1 | AL12: 1 | AM12: 1 | AN12: 1 | AO12: 1 | AP12: 1 | AR12: 1 | AS12: 1 | AT12: 1 | AU12: 1 | AV12: 1 | AW12: 1 | AX12: 1
A13: 7 | B13: 21268 | C13: CHONG YU ROU | D13: 张毓柔 | E13: P | F13: C3D | H13: 1 | I13: 1 | J13: 1 | K13: 1 | L13: 1 | M13: 1 | N13: 1 | O13: 1 | P13: 1 | Q13: 1 | R13: 1 | S13: 1 | T13: 1 | U13: 1 | V13: 1 | W13: 1 | X13: 1 | Y13: 1 | Z13: 1 | AA13: 1 | AB13: 1 | AC13: 1 | AF13: 1 | AG13: 1 | AH13: 1 | AI13: 1 | AJ13: 1 | AK13: 1 | AL13: 1 | AM13: 1 | AN13: 1 | AO13: 1 | AP13: 1 | AR13: 1 | AS13: 1 | AT13: 1 | AU13: 1 | AV13: 1 | AW13: 1 | AX13: 1
A14: 8 | B14: 21301 | C14: TANG YONG XIN | D14: 邓咏欣 | E14: P | F14: C3D | H14: 1 | I14: 1 | J14: 1 | K14: 1 | L14: 1 | M14: 1 | N14: 1 | O14: 0 | P14: 1 | Q14: 1 | R14: 1 | S14: 1 | T14: 1 | U14: 1 | V14: 1 | W14: 1 | X14: 1 | Y14: 1 | Z14: 1 | AA14: 1 | AB14: 1 | AC14: 1 | AF14: 1 | AG14: 1 | AH14: 1 | AI14: 1 | AJ14: 1 | AK14: 1 | AL14: 1 | AM14: 1 | AN14: 1 | AO14: 1 | AP14: 1 | AR14: 1 | AS14: 1 | AT14: 1 | AU14: 1 | AV14: 1 | AW14: 1 | AX14: 1
A15: 9 | B15: 21325 | C15: WOO JIAN FENG | D15: 巫健锋 | E15: L | F15: C3D | H15: 1 | I15: 1 | J15: 1 | K15: 1 | L15: 1 | M15: 1 | N15: 1 | O15: 1 | P15: 1 | Q15: 1 | R15: 1 | S15: 1 | T15: 1 | U15: 1 | V15: 1 | W15: 1 | X15: 1 | Y15: 1 | Z15: 1 | AA15: 1 | AB15: 1 | AC15: 1 | AF15: 1 | AG15: 1 | AH15: 1 | AI15: 0 | AJ15: 1 | AK15: 1 | AL15: 1 | AM15: 1 | AN15: 1 | AO15: 1 | AP15: 1 | AR15: 1 | AS15: 1 | AT15: 1 | AU15: 1 | AV15: 1 | AW15: 1 | AX15: 1
A16: 10 | B16: 21347 | C16: KAN YU TONG | D16: 簡语桐 | E16: P | F16: C3D | H16: 1 | I16: 1 | J16: 1 | K16: 1 | L16: 1 | M16: 1 | N16: 1 | O16: 1 | P16: 1 | Q16: 1 | R16: 1 | S16: 1 | T16: 1 | U16: 1 | V16: 0 | W16: 1 | X16: 1 | Y16: 1 | Z16: 1 | AA16: 1 | AB16: 1 | AC16: 1 | AF16: 1 | AG16: 1 | AH16: 1 | AI16: 1 | AJ16: 1 | AK16: 1 | AL16: 1 | AM16: 1 | AN16: 1 | AO16: 1 | AP16: 1 | AR16: 1 | AS16: 1 | AT16: 1 | AU16: 1 | AV16: 1 | AW16: 1 | AX16: 1
A17: 11 | B17: 21459 | C17: CHEN CHUN TAT | D17: 曾俊达 | E17: L | F17: C3D | H17: 1 | I17: 1 | J17: 1 | K17: 1 | L17: 1 | M17: 1 | N17: 1 | O17: 1 | P17: 1 | Q17: 1 | R17: 1 | S17: 1 | T17: 1 | U17: 1 | V17: 1 | W17: 1 | X17: 1 | Y17: 1 | Z17: 1 | AA17: 1 | AB17: 1 | AC17: 1 | AF17: 1 | AG17: 1 | AH17: 1 | AI17: 0 | AJ17: 1 | AK17: 1 | AL17: 1 | AM17: 1 | AN17: 0 | AO17: 1 | AP17: 1 | AR17: 1 | AS17: 1 | AT17: 1 | AU17: 1 | AV17: 1 | AW17: 1 | AX17: 1
A18: 12 | B18: 21481 | C18: YAAP ZEN ZE | D18: 叶政希 | E18: LH | F18: C3D | H18: 1 | I18: 1 | J18: 1 | K18: 1 | L18: 1 | M18: 1 | N18: 1 | O18: 1 | P18: 1 | Q18: 1 | R18: 1 | S18: 1 | T18: 1 | U18: 1 | V18: 1 | W18: 1 | X18: 0 | Y18: 1 | Z18: 1 | AA18: 1 | AB18: 1 | AC18: 1 | AF18: 1 | AG18: 1 | AH18: 1 | AI18: 1 | AJ18: 1 | AK18: 1 | AL18: 1 | AM18: 1 | AN18: 1 | AO18: 1 | AP18: 1 | AR18: 1 | AS18: 1 | AT18: 1 | AU18: 1 | AV18: 1 | AW18: 1 | AX18: 1

Sheet C3E电脑 吴丽丽
A1: 科目： | C1: C3E电脑 | H1: 男 | J1: 女
A2: 时段: | C2: ='选修课表清单'!E18 -> Monday / 15:05~15:40 & Thursday / 10:05~11:15 | G2: 走/宿 | H2: L | I2: LH | J2: P | K2: PH | L2: 总计
A3: 地点： | C3: ='选修课表清单'!F18 -> 电脑教室 | G3: 人数 | H3: =COUNTIF($E:$E,"L") -> 4 | I3: =COUNTIF($E:$E,"LH") -> 1 | J3: =COUNTIF($E:$E,"P") -> 4 | K3: =COUNTIF($E:$E,"PH") -> 0 | L3: =H4+J4 -> 9
A4: 老师： | C4: ='选修课表清单'!C18 -> 吴丽丽 | G4: 合计 | H4: =SUM(H3:I3) -> 5 | J4: =SUM(J3:K3) -> 4
H5: ⬇️ | I5: "Please start entering the class dates from cell H6."
A6: No. | B6: ADM. | C6: Name | D6: 姓名 | E6: 性别 | F6: 班级 | H6: 19/1 | I6: 22/1 | J6: 26/1 | K6: 29/1 | L6: 2/5 | M6: 12/2 | N6: 23/2 | O6: 2/3 | P6: 5/3 | Q6: 9/3 | R6: 30/3 | S6: 6/4 | T6: 9/4 | U6: 13/4 | V6: 20/4 | W6: 23/4 | X6: 27/4 | Y6: 30/4 | Z6: 4/5 | AA6: 7/5 | AB6: 8/6 | AC6: 11/6 | AD6: 15/619/6 | AF6: 22/6 | AG6: 25/6 | AH6: 29/6 | AI6: 2/7 | AJ6: 9/7 | AK6: 13/7 | AL6: 16/7 | AM6: 20/7 | AN6: 20/7 | AO6: 23/7 | AP6: 6/8 | AQ6: 17/8 | AR6: 20/8 | AS6: 24/8 | AT6: 27/8 | AU6: 7/9 | AV6: 10/9 | AW6: 14/9 | AX6: 117/9 | AY6: 1/10
A7: 1 | B7: 21109 | C7: LOW ZI LEONG | D7: 罗志良 | E7: L | F7: C3E | H7: 1 | I7: 1 | J7: 1 | K7: 1 | L7: 1 | M7: 1 | N7: 1 | O7: 1 | P7: 1 | Q7: 1 | R7: 1 | S7: 1 | T7: 1 | U7: 1 | V7: 1 | W7: 1 | X7: 1 | Y7: 1 | Z7: 1 | AA7: 1 | AB7: 1 | AC7: MUET说明会 | AD7: 特假 | AF7: 1 | AG7: 1 | AH7: 1 | AI7: 1 | AJ7: 1 | AK7: 1 | AL7: 1 | AM7: 1 | AN7: 1 | AO7: 1 | AP7: 1 | AQ7: 1 | AR7: 1 | AS7: 1 | AT7: 1 | AU7: 1 | AV7: 1 | AW7: 1 | AX7: 1 | AY7: 1
A8: 2 | B8: 21171 | C8: LEE HUI XIN | D8: 李慧欣 | E8: P | F8: C3E | H8: 1 | I8: 1 | J8: 1 | K8: 1 | L8: 1 | M8: 0 | N8: 1 | O8: 1 | P8: 1 | Q8: 1 | R8: 1 | S8: 1 | T8: 1 | U8: 1 | V8: 1 | W8: 1 | X8: 1 | Y8: 1 | Z8: 1 | AA8: 1 | AB8: 1 | AF8: 1 | AG8: 1 | AH8: 1 | AI8: 1 | AJ8: 1 | AK8: 1 | AL8: 1 | AM8: 1 | AN8: 1 | AO8: 1 | AP8: 0 | AQ8: 1 | AR8: 1 | AS8: 1 | AT8: 1 | AU8: 1 | AV8: 1 | AW8: 1 | AX8: 1 | AY8: 1
A9: 3 | B9: 21173 | C9: JEFFERY CHENG ZI HENG | D9: 曾子恒 | E9: L | F9: C3E | H9: 1 | I9: 1 | J9: 1 | K9: 1 | L9: 1 | M9: 1 | N9: 1 | O9: 1 | P9: 1 | Q9: 1 | R9: 1 | S9: 1 | T9: 1 | U9: 1 | V9: 1 | W9: 1 | X9: 1 | Y9: 1 | Z9: 1 | AA9: 1 | AB9: 1 | AF9: 1 | AG9: 1 | AH9: 1 | AI9: 1 | AJ9: 1 | AK9: 1 | AL9: 1 | AM9: 1 | AN9: 1 | AO9: 1 | AP9: 1 | AQ9: 1 | AR9: 1 | AS9: 1 | AT9: 1 | AU9: 1 | AV9: 1 | AW9: 1 | AX9: 1 | AY9: 1
A10: 4 | B10: 21319 | C10: LAURENCE CHEN | D10: 陈方齐 | E10: L | F10: C3E | H10: 1 | I10: 1 | J10: 1 | K10: 1 | L10: 1 | M10: 1 | N10: 1 | O10: 1 | P10: 1 | Q10: 1 | R10: 1 | S10: 1 | T10: 1 | U10: 1 | V10: 1 | W10: 1 | X10: 1 | Y10: 1 | Z10: 1 | AA10: 1 | AB10: 1 | AF10: 1 | AG10: 1 | AH10: 1 | AI10: 1 | AJ10: 1 | AK10: 1 | AL10: 1 | AM10: 1 | AN10: 1 | AO10: 1 | AP10: 1 | AQ10: 1 | AR10: 1 | AS10: 1 | AT10: 1 | AU10: 1 | AV10: 1 | AW10: 1 | AX10: 1 | AY10: 1
A11: 5 | B11: 21394 | C11: LECIA CHEOK YI XUAN | D11: 石依玄 | E11: P | F11: C3E | H11: 1 | I11: 1 | J11: 1 | K11: 1 | L11: 1 | M11: 1 | N11: 1 | O11: 1 | P11: 1 | Q11: 1 | R11: 1 | S11: 1 | T11: 1 | U11: 1 | V11: 1 | W11: 1 | X11: 1 | Y11: 1 | Z11: 1 | AA11: 1 | AB11: 1 | AF11: 1 | AG11: 1 | AH11: 1 | AI11: 1 | AJ11: 1 | AK11: 1 | AL11: 1 | AM11: 1 | AN11: 1 | AO11: 1 | AP11: 1 | AQ11: 1 | AR11: 1 | AS11: 1 | AT11: 1 | AU11: 1 | AV11: 1 | AW11: 1 | AX11: 1 | AY11: 1
A12: 6 | B12: 21421 | C12: TEE MIAN YI | D12: 郑閔伊 | E12: P | F12: C3E | H12: 1 | I12: 1 | J12: 1 | K12: 1 | L12: 1 | M12: 1 | N12: 1 | O12: 1 | P12: 1 | Q12: 0 | R12: 1 | S12: 1 | T12: 1 | U12: 1 | V12: 1 | W12: 1 | X12: 1 | Y12: 1 | Z12: 1 | AA12: 1 | AB12: 1 | AF12: 1 | AG12: 1 | AH12: 1 | AI12: 1 | AJ12: 1 | AK12: 1 | AL12: 1 | AM12: 1 | AN12: 1 | AO12: 1 | AP12: 1 | AQ12: 1 | AR12: 1 | AS12: 1 | AT12: 1 | AU12: 1 | AV12: 1 | AW12: 0 | AX12: 1 | AY12: 1
A13: 7 | B13: 21436 | C13: SOON JIAN YUAN | D13: 孙建源 | E13: LH | F13: C3E | H13: 1 | I13: 1 | J13: 1 | K13: 1 | L13: 1 | M13: 1 | N13: 1 | O13: 1 | P13: 1 | Q13: 1 | R13: 1 | S13: 1 | T13: 1 | U13: 1 | V13: 1 | W13: 1 | X13: 0 | Y13: 1 | Z13: 1 | AA13: 1 | AB13: 1 | AF13: 1 | AG13: 1 | AH13: 1 | AI13: 1 | AJ13: 1 | AK13: 1 | AL13: 1 | AM13: 1 | AN13: 1 | AO13: 1 | AP13: 1 | AQ13: 1 | AR13: 1 | AS13: 1 | AT13: 1 | AU13: 1 | AV13: 1 | AW13: 1 | AX13: 1 | AY13: 1
A14: 8 | B14: 21437 | C14: WAN CHI JER | D14: 尹启哲 | E14: L | F14: C3E | H14: 1 | I14: 1 | J14: 1 | K14: 1 | L14: 1 | M14: 1 | N14: 1 | O14: 1 | P14: 1 | Q14: 1 | R14: 1 | S14: 1 | T14: 1 | U14: 1 | V14: 1 | W14: 1 | X14: 1 | Y14: 1 | Z14: 1 | AA14: 1 | AB14: 1 | AF14: 1 | AG14: 1 | AH14: 1 | AI14: 1 | AJ14: 1 | AK14: 1 | AL14: 1 | AM14: 1 | AN14: 1 | AO14: 1 | AP14: 1 | AQ14: 1 | AR14: 1 | AS14: 1 | AT14: 1 | AU14: 1 | AV14: 1 | AW14: 1 | AX14: 1 | AY14: 1
A15: 9 | B15: 21541 | C15: JOEY TEE | D15: 郑祖儿 | E15: P | F15: C3E | H15: 1 | I15: 1 | J15: 1 | K15: 1 | L15: 0 | M15: 1 | N15: 1 | O15: 1 | P15: 1 | Q15: 1 | R15: 1 | S15: 1 | T15: 1 | U15: 1 | V15: 1 | W15: 1 | X15: 1 | Y15: 1 | Z15: 1 | AA15: 1 | AB15: 1 | AF15: 1 | AG15: 1 | AH15: 1 | AI15: 1 | AJ15: 1 | AK15: 1 | AL15: 1 | AM15: 1 | AN15: 1 | AO15: 1 | AP15: 1 | AQ15: 1 | AR15: 1 | AS15: 1 | AT15: 1 | AU15: 1 | AV15: 1 | AW15: 1 | AX15: 1 | AY15: 1
A18: 12
A19: 13
A20: 14
A21: 15
A22: 16
A23: 17
A24: 18
A25: 19
A26: 20
A27: 21
A28: 22
A29: 23
... A46: 40

Sheet C3F电脑 吴丽丽
A1: 科目： | C1: C3F电脑 | H1: 男 | J1: 女
A2: 时段: | C2: ='选修课表清单'!E19 -> Monday / 15:05~15:40 & Thursday / 10:05~11:15 | G2: 走/宿 | H2: L | I2: LH | J2: P | K2: PH | L2: 总计
A3: 地点： | C3: ='选修课表清单'!F19 -> 电脑教室 | G3: 人数 | H3: =COUNTIF($E:$E,"L") -> 4 | I3: =COUNTIF($E:$E,"LH") -> 1 | J3: =COUNTIF($E:$E,"P") -> 3 | K3: =COUNTIF($E:$E,"PH") -> 2 | L3: =H4+J4 -> 10
A4: 老师： | C4: ='选修课表清单'!C19 -> 吴丽丽 | G4: 合计 | H4: =SUM(H3:I3) -> 5 | J4: =SUM(J3:K3) -> 5
H5: ⬇️ | I5: "Please start entering the class dates from cell H6."
A6: No. | B6: ADM. | C6: Name | D6: 姓名 | E6: 性别 | F6: 班级 | H6: 19/1 | I6: 22/1 | J6: 26/1 | K6: 29/1 | L6: 2/5 | M6: 2/12 | N6: 23/2 | O6: 2/3 | P6: 5/3 | Q6: 9/3 | R6: 30/3 | S6: 6/4 | T6: 9/4 | U6: 13/4 | V6: 20/4 | W6: 23/4 | X6: 27/4 | Y6: 30/4 | Z6: 4/5 | AA6: 7/5 | AB6: 8/6 | AC6: 11/6 | AD6: 15/619/6 | AF6: 22/6 | AG6: 25/6 | AH6: 29/6 | AI6: 2/7 | AJ6: 9/7 | AK6: 13/7 | AL6: 16/7 | AM6: 20/7 | AN6: 23/7 | AO6: 6/8 | AP6: 17/8 | AQ6: 20/8 | AR6: 24/8 | AS6: 27/8 | AT6: 7/9 | AU6: 10/9 | AV6: 14/9 | AW6: 17/9 | AX6: 1/10
A7: 1 | B7: 20498 | C7: AW YONG ZHI YI | D7: 欧阳梓毅 | E7: L | F7: C3F | H7: 1 | I7: 1 | J7: 1 | K7: 1 | L7: 1 | M7: 1 | N7: 1 | O7: 1 | P7: 1 | Q7: 0 | R7: 0 | S7: 0 | T7: 0 | U7: 1 | V7: 1 | W7: 1 | X7: 0 | Y7: 0 | Z7: 1 | AA7: 1 | AB7: 0 | AC7: MUET | AD7: 特假 | AF7: 0 | AG7: 0 | AH7: 1 | AI7: 0 | AJ7: 0 | AK7: 1 | AL7: 0 | AM7: 0 | AN7: 0 | AO7: 1 | AP7: 0 | AQ7: 0 | AR7: 1 | AS7: 0 | AT7: 1 | AU7: 0 | AV7: 1 | AW7: 1 | AX7: 1
A8: 3 | B8: 21146 | C8: CHEE JUN CHEN | D8: 徐俊心 | E8: LH | F8: C3F | H8: 1 | I8: 1 | J8: 1 | K8: 1 | L8: 1 | M8: 1 | N8: 1 | O8: 1 | P8: 1 | Q8: 1 | R8: 1 | S8: 1 | T8: 1 | U8: 1 | V8: 1 | W8: 1 | X8: 1 | Y8: 1 | Z8: 1 | AA8: 1 | AB8: 1 | AF8: 1 | AG8: 1 | AH8: 1 | AI8: 1 | AJ8: 1 | AK8: 1 | AL8: 1 | AM8: 1 | AN8: 1 | AO8: 0 | AP8: 1 | AQ8: 1 | AR8: 1 | AS8: 1 | AT8: 1 | AU8: 1 | AV8: 1 | AW8: 1 | AX8: 1
A9: 4 | B9: 21170 | C9: MEH KAI XIANG | D9: 马凯翔 | E9: L | F9: C3F | H9: 1 | I9: 1 | J9: 1 | K9: 1 | L9: 1 | M9: 1 | N9: 1 | O9: 1 | P9: 1 | Q9: 1 | R9: 1 | S9: 1 | T9: 1 | U9: 1 | V9: 1 | W9: 1 | X9: 1 | Y9: 1 | Z9: 1 | AA9: 1 | AB9: 1 | AF9: 1 | AG9: 1 | AH9: 1 | AI9: 1 | AJ9: 1 | AK9: 1 | AL9: 1 | AM9: 1 | AN9: 1 | AO9: 1 | AP9: 1 | AQ9: 1 | AR9: 1 | AS9: 1 | AT9: 1 | AU9: 1 | AV9: 1 | AW9: 1 | AX9: 1
A10: 5 | B10: 21228 | C10: LEE JIA HUI | D10: 李嘉慧 | E10: P | F10: C3F | H10: 1 | I10: 1 | J10: 1 | K10: 1 | L10: 1 | M10: 1 | N10: 0 | O10: 1 | P10: 1 | Q10: 1 | R10: 1 | S10: 1 | T10: 1 | U10: 1 | V10: 1 | W10: 1 | X10: 1 | Y10: 1 | Z10: 1 | AA10: 1 | AB10: 1 | AF10: 1 | AG10: 1 | AH10: 1 | AI10: 1 | AJ10: 1 | AK10: 1 | AL10: 1 | AM10: 1 | AN10: 1 | AO10: 1 | AP10: 1 | AQ10: 1 | AR10: 1 | AS10: 1 | AT10: 1 | AU10: 1 | AV10: 1 | AW10: 1 | AX10: 1
A11: 6 | B11: 21248 | C11: TAN YING XI | D11: 陈盈希 | E11: PH | F11: C3F | H11: 1 | I11: 1 | J11: 1 | K11: 1 | L11: 1 | M11: 1 | N11: 1 | O11: 1 | P11: 1 | Q11: 0 | R11: 1 | S11: 1 | T11: 1 | U11: 1 | V11: 1 | W11: 1 | X11: 1 | Y11: 1 | Z11: 1 | AA11: 1 | AB11: 1 | AF11: 1 | AG11: 1 | AH11: 1 | AI11: 1 | AJ11: 1 | AK11: 1 | AL11: 1 | AM11: 1 | AN11: 1 | AO11: 1 | AP11: 1 | AQ11: 1 | AR11: 1 | AS11: 1 | AT11: 1 | AU11: 1 | AV11: 1 | AW11: 1 | AX11: 1
A12: 7 | B12: 21368 | C12: CHUA KAI WEN | D12: 蔡凱玟 | E12: P | F12: C3F | H12: 1 | I12: 1 | J12: 1 | K12: 1 | L12: 1 | M12: 1 | N12: 1 | O12: 1 | P12: 1 | Q12: 1 | R12: 1 | S12: 1 | T12: 1 | U12: 1 | V12: 1 | W12: 1 | X12: 1 | Y12: 1 | Z12: 1 | AA12: 1 | AB12: 1 | AF12: 1 | AG12: 1 | AH12: 1 | AI12: 1 | AJ12: 1 | AK12: 1 | AL12: 1 | AM12: 1 | AN12: 1 | AO12: 1 | AP12: 1 | AQ12: 1 | AR12: 1 | AS12: 1 | AT12: 1 | AU12: 1 | AV12: 1 | AW12: 1 | AX12: 1
A13: 8 | B13: 21377 | C13: CHAN HUEY LYNN | D13: 陈慧琳 | E13: P | F13: C3F | H13: 1 | I13: 1 | J13: 1 | K13: 1 | L13: 1 | M13: 1 | N13: 1 | O13: 1 | P13: 1 | Q13: 1 | R13: 1 | S13: 1 | T13: 1 | U13: 1 | V13: 1 | W13: 1 | X13: 1 | Y13: 1 | Z13: 1 | AA13: 1 | AB13: 1 | AF13: 1 | AG13: 1 | AH13: 1 | AI13: 1 | AJ13: 1 | AK13: 1 | AL13: 1 | AM13: 1 | AN13: 1 | AO13: 1 | AP13: 1 | AQ13: 1 | AR13: 1 | AS13: 1 | AT13: 1 | AU13: 1 | AV13: 1 | AW13: 1 | AX13: 1
A14: 9 | B14: 21385 | C14: TAN SHI YING | D14: 陈施颖 | E14: PH | F14: C3F | H14: 1 | I14: 1 | J14: 1 | K14: 1 | L14: 1 | M14: 1 | N14: 0 | O14: 1 | P14: 1 | Q14: 1 | R14: 1 | S14: 1 | T14: 1 | U14: 1 | V14: 1 | W14: 1 | X14: 1 | Y14: 0 | Z14: 1 | AA14: 1 | AB14: 1 | AF14: 1 | AG14: 1 | AH14: 1 | AI14: 1 | AJ14: 1 | AK14: 1 | AL14: 1 | AM14: 1 | AN14: 1 | AO14: 1 | AP14: 1 | AQ14: 1 | AR14: 1 | AS14: 1 | AT14: 1 | AU14: 1 | AV14: 1 | AW14: 1 | AX14: 1
A15: 10 | B15: 21526 | C15: WONG ZHENG SHEN | D15: 黄雉森 | E15: L | F15: C3F | H15: 1 | I15: 1 | J15: 1 | K15: 1 | L15: 1 | M15: 1 | N15: 0 | O15: 1 | P15: 1 | Q15: 1 | R15: 1 | S15: 1 | T15: 1 | U15: 1 | V15: 1 | W15: 1 | X15: 1 | Y15: 1 | Z15: 1 | AA15: 1 | AB15: 1 | AF15: 1 | AG15: 1 | AH15: 1 | AI15: 1 | AJ15: 1 | AK15: 1 | AL15: 1 | AM15: 1 | AN15: 1 | AO15: 1 | AP15: 1 | AQ15: 1 | AR15: 1 | AS15: 1 | AT15: 1 | AU15: 1 | AV15: 1 | AW15: 1 | AX15: 1
A16: 11 | B16: 23529 | C16: WOH TZEN MING | D16: 和承民 | E16: L | F16: C3F | H16: 1 | I16: 1 | J16: 1 | K16: 1 | L16: 1 | M16: 0 | N16: 0 | O16: 1 | P16: 1 | Q16: 1 | R16: 0 | S16: 1 | T16: 1 | U16: 1 | V16: 1 | W16: 1 | X16: 1 | Y16: 0 | Z16: 1 | AA16: 1 | AB16: 1 | AF16: 0 | AG16: 1 | AH16: 1 | AI16: 1 | AJ16: 1 | AK16: 1 | AL16: 1 | AM16: 1 | AN16: 1 | AO16: 1 | AP16: 1 | AQ16: 1 | AR16: 1 | AS16: 1 | AT16: 1 | AU16: 1 | AV16: 0 | AW16: 1 | AX16: 1
A18: 15
A19: 16
A20: 17
A21: 18
A22: 19
A23: 20
A24: 21
A25: 22
A26: 23
A27: 24
A28: 25
A29: 26
... A43: 40

Sheet A3A电脑吴丽丽
A1: 科目： | C1: C3F电脑 | M1: 男 | O1: 女
A2: 时段: | C2: ='选修课表清单'!E19 -> Monday / 15:05~15:40 & Thursday / 10:05~11:15 | L2: 走/宿 | M2: L | N2: LH | O2: P | P2: PH | Q2: 总计
A3: 地点： | C3: ='选修课表清单'!F19 -> 电脑教室 | L3: 人数 | M3: =COUNTIF($E:$E,"L") -> 1 | N3: =COUNTIF($E:$E,"LH") -> 0 | O3: =COUNTIF($E:$E,"P") -> 3 | P3: =COUNTIF($E:$E,"PH") -> 2 | Q3: =M4+O4 -> 6
A4: 老师： | C4: ='选修课表清单'!C19 -> 吴丽丽 | L4: 合计 | M4: =SUM(M3:N3) -> 1 | O4: =SUM(O3:P3) -> 5
H5: ⬇️ | I5: "Please start entering the class dates from cell H6."
A6: No. | B6: ADM. | C6: Name | D6: 姓名 | E6: 性别 | F6: 班级 | H6: 19/1 | I6: 22/1 | J6: 26/1 | K6: 29/1 | L6: 2/5 | M6: 12/2 | N6: 23/2 | O6: 2/3 | P6: 5/3 | Q6: 9/3 | R6: 30/3 | S6: 6/4 | T6: 9/4 | U6: 13/4 | V6: 20/4 | W6: 23/4 | X6: 27/4 | Y6: 30/4 | Z6: 4/5 | AA6: 7/5 | AB6: 8/6 | AC6: 11/6 | AD6: 15/619/6 | AF6: 22/6 | AG6: 25/6 | AH6: 29/6 | AI6: 2/7 | AJ6: 9/7 | AK6: 13/7 | AL6: 16/7 | AM6: 20/7 | AN6: 23/7 | AO6: 6/8 | AP6: 17/8 | AQ6: 17/8 | AR6: 17/8 | AS6: 24/8 | AT6: 24/8 | AU6: 7/9 | AV6: 10/9 | AW6: 14/9 | AX6: 17/9 | AY6: 1/10
A7: 2 | B7: 21025 | C7: LEE XIN YEN | D7: 李欣妍 | E7: P | F7: A3A | H7: 1 | I7: 1 | J7: 1 | K7: 1 | L7: 1 | M7: 1 | N7: 1 | O7: 1 | P7: 1 | Q7: 0 | R7: 0 | S7: 1 | T7: 1 | U7: 1 | V7: 1 | W7: 1 | X7: 0 | Y7: 1 | Z7: 1 | AA7: 1 | AB7: 1 | AF7: 1 | AG7: 1 | AH7: 1 | AI7: 1 | AJ7: 1 | AK7: 1 | AL7: 1 | AM7: 1 | AN7: 1 | AO7: 1 | AP7: 1 | AQ7: 1 | AR7: 1 | AS7: 1 | AT7: 1 | AU7: 1 | AV7: 1 | AW7: 0 | AX7: 1 | AY7: 1
A8: 3 | B8: 21249 | C8: ANGEL GAN SEH CHING | D8: 颜雪晴 | E8: PH | F8: A3A | H8: 1 | I8: 1 | J8: 1 | K8: 1 | L8: 1 | M8: 1 | N8: 1 | O8: 1 | P8: 1 | Q8: 1 | R8: 1 | S8: 1 | T8: 1 | U8: 1 | V8: 1 | W8: 1 | X8: 1 | Y8: 1 | Z8: 1 | AA8: 1 | AB8: 1 | AF8: 0 | AG8: 1 | AH8: 1 | AI8: 1 | AJ8: 1 | AK8: 1 | AL8: 1 | AM8: 1 | AN8: 1 | AO8: 1 | AP8: 1 | AQ8: 1 | AR8: 1 | AS8: 1 | AT8: 1 | AU8: 1 | AV8: 1 | AW8: 1 | AX8: 1 | AY8: 1
A9: 4 | B9: 21258 | C9: HAYLEE LIM YEN THONG | D9: 林恩彤 | E9: P | F9: A3A | H9: 1 | I9: 1 | J9: 1 | K9: 1 | L9: 1 | M9: 1 | N9: 1 | O9: 1 | P9: 1 | Q9: 1 | R9: 1 | S9: 1 | T9: 1 | U9: 1 | V9: 1 | W9: 1 | X9: 1 | Y9: 1 | Z9: 1 | AA9: 1 | AB9: 1 | AF9: 1 | AG9: 1 | AH9: 1 | AI9: 1 | AJ9: 1 | AK9: 1 | AL9: 1 | AM9: 1 | AN9: 1 | AO9: 1 | AP9: 1 | AQ9: 1 | AR9: 1 | AS9: 1 | AT9: 1 | AU9: 1 | AV9: 1 | AW9: 1 | AX9: 1 | AY9: 1
A10: 5 | B10: 21306 | C10: WONG LIN SHAN | D10: 黄丽珊 | E10: PH | F10: A3A | H10: 1 | I10: 1 | J10: 1 | K10: 1 | L10: 1 | M10: 1 | N10: 1 | O10: 1 | P10: 1 | Q10: 1 | R10: 1 | S10: 1 | T10: 1 | U10: 1 | V10: 1 | W10: 1 | X10: 1 | Y10: 1 | Z10: 1 | AA10: 1 | AB10: 1 | AF10: 1 | AG10: 1 | AH10: 1 | AI10: 1 | AJ10: 1 | AK10: 1 | AL10: 1 | AM10: 1 | AN10: 1 | AO10: 1 | AP10: 1 | AQ10: 1 | AR10: 1 | AS10: 1 | AT10: 1 | AU10: 1 | AV10: 1 | AW10: 1 | AX10: 1 | AY10: 1
A11: 6 | B11: 21337 | C11: NG HILLEY | D11: 伍凱琍 | E11: P | F11: A3A | H11: 1 | I11: 1 | J11: 1 | K11: 1 | L11: 1 | M11: 1 | N11: 1 | O11: 1 | P11: 1 | Q11: 1 | R11: 0 | S11: 1 | T11: 1 | U11: 1 | V11: 1 | W11: 1 | X11: 1 | Y11: 1 | Z11: 1 | AA11: 1 | AB11: 1 | AF11: 1 | AG11: 1 | AH11: 1 | AI11: 1 | AJ11: 1 | AK11: 1 | AL11: 1 | AM11: 1 | AN11: 1 | AO11: 1 | AP11: 1 | AQ11: 1 | AR11: 1 | AS11: 1 | AT11: 1 | AU11: 1 | AV11: 1 | AW11: 0 | AX11: 1 | AY11: 1
A12: 7 | B12: 21444 | C12: JERRY EOH | D12: 姚捷利 | E12: L | F12: A3A | H12: 1 | I12: 1 | J12: 1 | K12: 1 | L12: 0 | M12: 1 | N12: 1 | O12: 1 | P12: 1 | Q12: 1 | R12: 1 | S12: 1 | T12: 1 | U12: 1 | V12: 1 | W12: 1 | X12: 1 | Y12: 1 | Z12: 1 | AA12: 1 | AB12: 1 | AF12: 1 | AG12: 1 | AH12: 1 | AI12: 1 | AJ12: 1 | AK12: 1 | AL12: 1 | AM12: 1 | AN12: 1 | AO12: 1 | AP12: 1 | AQ12: 1 | AR12: 1 | AS12: 1 | AT12: 1 | AU12: 1 | AV12: 1 | AW12: 0 | AX12: 1 | AY12: 1

Sheet 高三历史 林木胜
A1: 科目： | C1: 高三历史 | H1: 男 | J1: 女
A2: 时段: | C2: ='选修课表清单'!E21 -> Tuesday / 15:40~16:50 & Friday / 15:05~16:15 | G2: 走/宿 | H2: L | I2: LH | J2: P | K2: PH | L2: 总计
A3: 地点： | C3: ='选修课表清单'!F21 -> A304 | G3: 人数 | H3: =COUNTIF($E:$E,"L") -> 9 | I3: =COUNTIF($E:$E,"LH") -> 3 | J3: =COUNTIF($E:$E,"P") -> 7 | K3: =COUNTIF($E:$E,"PH") -> 4 | L3: =H4+J4 -> 23
A4: 老师： | C4: ='选修课表清单'!C21 -> 林木胜 | G4: 合计 | H4: =SUM(H3:I3) -> 12 | J4: =SUM(J3:K3) -> 11
H5: ⬇️ | I5: "Please start entering the class dates from cell H6."
A6: No. | B6: ADM. | C6: Name | D6: 姓名 | E6: 性别 | F6: 班级 | G6: 承诺书 | H6: 20/1 | I6: 23/1 | J6: 27/1 | K6: 30/1
A7: 1 | B7: 21026 | C7: CHEA PEI YI | D7: 谢佩仪 | E7: P | F7: C3A | H7: 1 | I7: 1 | J7: 1 | K7: 1
A8: 2 | B8: 21046 | C8: LEE WEN XUAN | D8: 李汶轩 | E8: P | F8: C3A | H8: 1 | I8: 1 | J8: 1 | K8: 1
A9: 3 | B9: 21063 | C9: TAN JOE YAN | D9: 陳柔妍 | E9: PH | F9: C3A | H9: 1 | I9: 1 | J9: 1 | K9: 1
A10: 4 | B10: 21200 | C10: WU ZIXIN | D10: 伍子昕 | E10: L | F10: C3A | H10: 1 | I10: 1 | J10: 1 | K10: 1
A11: 5 | B11: 21304 | C11: LEONG YEN YI | D11: 龙妍伊 | E11: PH | F11: C3A | H11: 1 | I11: 1 | J11: 1 | K11: 1
A12: 6 | B12: 21369 | C12: CHAN JUN SHENG | D12: 陈俊升 | E12: L | F12: C3A | H12: 1 | I12: 1 | J12: 1 | K12: 1
A13: 7 | B13: 21056 | C13: LAI JUN YI | D13: 赖俊宇 | E13: L | F13: C3B | H13: 1 | I13: 1 | J13: 1 | K13: 1
A14: 8 | B14: 21212 | C14: BRANDON LOCK LIGE | D14: 駱力閣 | E14: L | F14: C3B | H14: 1 | I14: 1 | J14: 1 | K14: 1
A15: 9 | B15: 21338 | C15: THIAN WEN LI | D15: 邓文丽 | E15: P | F15: C3B | H15: 1 | I15: 1 | J15: 1 | K15: 1
A16: 10 | B16: 21355 | C16: KENNYX KIEW KE QII | D16: 丘可淇 | E16: P | F16: C3B | H16: 1 | I16: 1 | J16: 1 | K16: 1
A17: 11 | B17: 21410 | C17: RYAN SIEW JUN YANG | D17: 萧俊扬 | E17: LH | F17: C3B | H17: 1 | I17: 1 | J17: 1 | K17: 1
A18: 12 | B18: 20258 | C18: HEE YANZ | D18: 许欣 | E18: PH | F18: C3C | H18: 1 | I18: 0 | J18: 1 | K18: 1
... A29: 23 | B29: 21312 | C29: CHOO JIE REN | D29: 朱杰仁 | E29: LH | F29: C3F | H29: 1 | I29: 1 | J29: 1 | K29: 1
A30: 24
A31: 25
A32: 26
A33: 27
A34: 28
A35: 29
A36: 30
A37: 31
A38: 32
A39: 33
A40: 34
A41: 35
... A46: 40

Sheet 高三地理 杨傚因
A1: 科目： | C1: 高三地理 | H1: 男 | J1: 女
A2: 时段: | C2: ='选修课表清单'!E22 -> Monday / 15:40~16:50 & Thursday /15:50~16:50 | G2: 走/宿 | H2: L | I2: LH | J2: P | K2: PH | L2: 总计
A3: 地点： | C3: ='选修课表清单'!F22 -> A305 | G3: 人数 | H3: =COUNTIF($E:$E,"L") -> 7 | I3: =COUNTIF($E:$E,"LH") -> 1 | J3: =COUNTIF($E:$E,"P") -> 4 | K3: =COUNTIF($E:$E,"PH") -> 2 | L3: =H4+J4 -> 14
A4: 老师： | C4: ='选修课表清单'!C22 -> 杨傚因 | G4: 合计 | H4: =SUM(H3:I3) -> 8 | J4: =SUM(J3:K3) -> 6
H5: ⬇️ | I5: "Please start entering the class dates from cell H6."
A6: No. | B6: ADM. | C6: Name | D6: 姓名 | E6: 性别 | F6: 班级 | G6: 承诺书 | H6: 19/1 | I6: 22/1 | J6: 26/1 | K6: 2/2 | L6: 5/2 | M6: 12/2 | N6: 23/2 | O6: 26/2 | P6: 2/3 | Q6: 5/3 | R6: 30/3 | S6: 2/4 | T6: 6/4 | U6: 9/4 | V6: 13/4 | W6: 16/4 | X6: 20/4 | Y6: 23/4 | Z6: 27/4 | AA6: 4/5 | AB6: 7/5 | AC6: 11/5 | AD6: 8/6 | AE6: 11/6 | AF6: 22/6 | AG6: 25/6 | AH6: 29/6 | AI6: 2/7 | AJ6: 9/7 | AK6: 13/7 | AL6: 16/7 | AM6: 20/7 | AN6: 27/7
A7: 1 | B7: 21026 | C7: CHEA PEI YI | D7: 谢佩仪 | E7: P | F7: C3A | H7: 1 | I7: 1 | J7: 1 | K7: 1 | L7: 1 | M7: 1 | N7: 公 | O7: 1 | P7: 事 | Q7: 1 | R7: 1 | S7: 0 | T7: 1 | U7: 1 | V7: 1 | W7: 1 | X7: 1 | Y7: 1 | Z7: 1 | AA7: 0 | AB7: 1 | AC7: 1 | AD7: 1 | AE7: 1 | AF7: 1 | AG7: 1 | AH7: 1 | AI7: 0 | AJ7: 0 | AK7: 1 | AL7: 1 | AM7: 1 | AN7: 1
A8: 2 | B8: 21260 | C8: YEE YONG XIN | D8: 余咏芯 | E8: P | F8: C3A | H8: 1 | I8: 1 | J8: 1 | K8: 1 | L8: 1 | M8: 公 | N8: 公 | O8: 1 | P8: 病 | Q8: 1 | R8: 1 | S8: 1 | T8: 1 | U8: 1 | V8: 1 | W8: 公 | X8: 1 | Y8: 公 | Z8: 1 | AA8: 1 | AB8: 1 | AC8: 1 | AD8: 1 | AE8: 1 | AF8: 0 | AG8: 1 | AH8: 1 | AI8: 1 | AJ8: 1 | AK8: 1 | AL8: 1 | AM8: 1 | AN8: 1
A9: 3 | B9: 21315 | C9: TAN SIAU KI | D9: 陈晓淇 | E9: PH | F9: C3A | H9: 1 | I9: 1 | J9: 1 | K9: 1 | L9: 公 | M9: 公 | N9: 1 | O9: 1 | P9: 1 | Q9: 1 | R9: 1 | S9: 1 | T9: 1 | U9: 1 | V9: 1 | W9: 1 | X9: 1 | Y9: 1 | Z9: 1 | AA9: 1 | AB9: 1 | AC9: 1 | AD9: 1 | AE9: 1 | AF9: 1 | AG9: 1 | AH9: 1 | AI9: 1 | AJ9: 1 | AK9: 1 | AL9: 1 | AM9: 1 | AN9: 1
A10: 4 | B10: 21056 | C10: LAI JUN YI | D10: 赖俊宇 | E10: L | F10: C3B | H10: 1 | I10: 1 | J10: 1 | K10: 1 | L10: 1 | M10: 1 | N10: 1 | O10: 1 | P10: 1 | Q10: 1 | R10: 1 | S10: 1 | T10: 1 | U10: 1 | V10: 1 | W10: 1 | X10: 1 | Y10: 1 | Z10: 1 | AA10: 1 | AB10: 1 | AC10: 1 | AD10: 1 | AE10: 1 | AF10: 1 | AG10: 1 | AH10: 1 | AI10: 1 | AJ10: 1 | AK10: 1 | AL10: 1 | AM10: 1 | AN10: 1
A11: 5 | B11: 21212 | C11: BRANDON LOCK LIGE | D11: 駱力閣 | E11: L | F11: C3B | H11: 1 | I11: 1 | J11: 1 | K11: 1 | L11: 公 | M11: 公 | N11: 公 | O11: 1 | P11: 1 | Q11: 1 | R11: 1 | S11: 1 | T11: 1 | U11: 1 | V11: 1 | W11: 1 | X11: 1 | Y11: 1 | Z11: 事 | AA11: 1 | AB11: 1 | AC11: 1 | AD11: 1 | AE11: 1 | AF11: 1 | AG11: 1 | AH11: 1 | AI11: 1 | AJ11: 1 | AK11: 1 | AL11: 1 | AM11: 1 | AN11: 1
A12: 6 | B12: 21355 | C12: KENNYX KIEW KE QII | D12: 丘可淇 | E12: P | F12: C3B | H12: 1 | I12: 公 | J12: 1 | K12: 1 | L12: 1 | M12: 1 | N12: 1 | O12: 1 | P12: 1 | Q12: 1 | R12: 1 | S12: 1 | T12: 1 | U12: 1 | V12: 1 | W12: 1 | X12: 1 | Y12: 1 | Z12: 1 | AA12: 1 | AB12: 1 | AC12: 1 | AD12: 1 | AE12: 1 | AF12: 1 | AG12: 1 | AH12: 1 | AI12: 1 | AJ12: 1 | AK12: 1 | AL12: 1 | AM12: 1 | AN12: 1
A13: 7 | B13: 20258 | C13: HEE YANZ | D13: 许欣 | E13: P | F13: C3C | H13: 1 | I13: 1 | J13: 病 | K13: 1 | L13: 1 | M13: 1 | N13: 1 | O13: 1 | P13: 1 | Q13: 1 | R13: 1 | S13: 0 | T13: 0 | U13: 1 | V13: 1 | W13: 1 | X13: 1 | Y13: 1 | Z13: 0 | AA13: 1 | AB13: 1 | AC13: 1 | AD13: 1 | AE13: 1 | AF13: 0 | AG13: 1 | AH13: 1 | AI13: 1 | AJ13: 1 | AK13: 1 | AL13: 1 | AM13: 1 | AN13: 1
A14: 8 | B14: 21086 | C14: BONG ZHONG QUAN | D14: 黄中权 | E14: L | F14: C3C | H14: 1 | I14: 1 | J14: 1 | K14: 1 | L14: 1 | M14: 1 | N14: 1 | O14: 1 | P14: 1 | Q14: 1 | R14: 1 | S14: 1 | T14: 1 | U14: 1 | V14: 1 | W14: 1 | X14: 1 | Y14: 1 | Z14: 1 | AA14: 1 | AB14: 1 | AC14: 1 | AD14: 1 | AE14: 1 | AF14: 1 | AG14: 1 | AH14: 1 | AI14: 1 | AJ14: 0 | AK14: 1 | AL14: 0 | AM14: 0 | AN14: 1
A15: 9 | B15: 21132 | C15: CHERVINE YEOH CHENG XIN | D15: 杨程心 | E15: PH | F15: C3C | H15: 1 | I15: 1 | J15: 1 | K15: 1 | L15: 1 | M15: 公 | N15: 1 | O15: 1 | P15: 1 | Q15: 1 | R15: 1 | S15: 1 | T15: 1 | U15: 1 | V15: 1 | W15: 1 | X15: 1 | Y15: 1 | Z15: 1 | AA15: 1 | AB15: 1 | AC15: 1 | AD15: 1 | AE15: 1 | AF15: 1 | AG15: 1 | AH15: 1 | AI15: 1 | AJ15: 1 | AK15: 1 | AL15: 1 | AM15: 0 | AN15: 1
A16: 10 | B16: 21133 | C16: WONG WEN HONG | D16: 黄文宏 | E16: L | F16: C3C | H16: 1 | I16: 1 | J16: 1 | K16: 1 | L16: 1 | M16: 1 | N16: 1 | O16: 1 | P16: 1 | Q16: 1 | R16: 1 | S16: 0 | T16: 1 | U16: 1 | V16: 1 | W16: 1 | X16: 1 | Y16: 1 | Z16: 1 | AA16: 1 | AB16: 1 | AC16: 1 | AD16: 1 | AE16: 1 | AF16: 1 | AG16: 1 | AH16: 1 | AI16: 1 | AJ16: 1 | AK16: 1 | AL16: 0 | AM16: 1 | AN16: 0
A17: 11 | B17: 21144 | C17: WESLEY CHONG KHAI YUAN | D17: 张棨言 | E17: LH | F17: C3C | H17: 1 | I17: 1 | J17: 1 | K17: 1 | L17: 1 | M17: 1 | N17: 1 | O17: 1 | P17: 1 | Q17: 病 | R17: 1 | S17: 1 | T17: 1 | U17: 1 | V17: 1 | W17: 1 | X17: 1 | Y17: 1 | Z17: 1 | AA17: 1 | AB17: 1 | AC17: 1 | AD17: 1 | AE17: 1 | AF17: 1 | AG17: 1 | AH17: 1 | AI17: 1 | AJ17: 1 | AK17: 1 | AL17: 1 | AM17: 1 | AN17: 1
A18: 12 | B18: 21411 | C18: ALFRED YEE CHEE HOW | D18: 余启豪 | E18: L | F18: C3C | H18: 1 | I18: 1 | J18: 1 | K18: 1 | L18: 1 | M18: 1 | N18: 1 | O18: 1 | P18: 1 | Q18: 1 | R18: 1 | S18: 0 | T18: 1 | U18: 1 | V18: 1 | W18: 1 | X18: 1 | Y18: 1 | Z18: 1 | AA18: 1 | AB18: 1 | AC18: 1 | AD18: 1 | AE18: 1 | AF18: 1 | AG18: 1 | AH18: 1 | AI18: 1 | AJ18: 1 | AK18: 1 | AL18: 0 | AM18: 1 | AN18: 1
A19: 13 | B19: 20498 | C19: AW YONG ZHI YI | D19: 欧阳梓毅 | E19: L | F19: C3F | H19: 1 | I19: 病 | J19: 1 | K19: 1 | L19: 1 | M19: 1 | N19: 1 | O19: 0 | P19: 1 | Q19: 1 | R19: 0 | S19: 1 | T19: 病 | U19: 1 | V19: 1 | W19: 0 | X19: 1 | Y19: 0 | Z19: 0 | AA19: 1 | AB19: 1 | AC19: 0 | AD19: 0 | AE19: 0 | AF19: 0 | AG19: 0 | AH19: 1 | AI19: 0 | AJ19: 0 | AK19: 1 | AL19: 0 | AM19: 0 | AN19: 0
A20: 14 | B20: 23529 | C20: WOH TZEN MING | D20: 和承民 | E20: L | F20: C3F | H20: 1 | I20: 1 | J20: 1 | K20: 1 | L20: 1 | M20: 病 | N20: 1 | O20: 0 | P20: 事 | Q20: 1 | R20: 0 | S20: 0 | T20: 1 | U20: 1 | V20: 1 | W20: 1 | X20: 1 | Y20: 1 | Z20: 1 | AA20: 1 | AB20: 1 | AC20: 1 | AD20: 0 | AE20: 1 | AF20: 0 | AG20: 1 | AH20: 1 | AI20: 1 | AJ20: 1 | AK20: 1 | AL20: 0 | AM20: 1 | AN20: 0
A21: 15
A22: 16
A23: 17
A24: 18
A25: 19
A26: 20
A27: 21
A28: 22
A29: 23
A30: 24
A31: 25
A32: 26
... A46: 40

Sheet 高三美术 陈天成
A1: 科目： | C1: 高三美术 | H1: 男 | J1: 女
A2: 时段: | C2: ='选修课表清单'!E23 -> Wednesday 15:40~17:25 | G2: 走/宿 | H2: L | I2: LH | J2: P | K2: PH | L2: 总计
A3: 地点： | C3: ='选修课表清单'!F23 -> 美术室 | G3: 人数 | H3: =COUNTIF($E:$E,"L") -> 5 | I3: =COUNTIF($E:$E,"LH") -> 2 | J3: =COUNTIF($E:$E,"P") -> 10 | K3: =COUNTIF($E:$E,"PH") -> 12 | L3: =H4+J4 -> 29
A4: 老师： | C4: ='选修课表清单'!C23 -> 陈天成、陈欣恩 | G4: 合计 | H4: =SUM(H3:I3) -> 7 | J4: =SUM(J3:K3) -> 22
H5: ⬇️ | I5: "Please start entering the class dates from cell H6."
A6: No. | B6: ADM. | C6: Name | D6: 姓名 | E6: 性别 | F6: 班级 | G6: 承诺书 | H6: 28/1 | I6: 4/2 | J6: 11/2 | K6: 25/2 | L6: 4/3 | M6: 1/4 | N6: 8/4 | O6: 15/4 | P6: 22/4 | Q6: 29/4 | R6: 6/5 | S6: 13/5 | T6: 10/6 | U6: 23/6 | V6: 1/7 | W6: 8/7 | X6: 15/7 | Y6: 22/7 | Z6: 29/7 | AA6: 12/8 | AB6: 19/8 | AC6: 26/8 | AD6: 9/9 | AE6: 30/9
A7: 1 | B7: 20139 | C7: NGOW YU XIN | D7: 饶雨馨 | E7: PH | F7: S3A | H7: 1 | I7: 病 | J7: 1 | K7: 1 | L7: 1 | M7: 1 | N7: 1 | O7: 早退 | P7: 1 | Q7: 早退 | R7: 1 | S7: 病 | T7: 1 | U7: 1 | V7: 病 | W7: 1 | X7: 1 | Y7: 1 | Z7: 1 | AA7: 1*早退 | AB7: 1 | AC7: 1 | AD7: 1
A8: 2 | B8: 21068 | C8: LAU ZHI SYUEN | D8: 刘芷璇 | E8: P | F8: S3A | H8: 1 | I8: 1 | J8: 1 | K8: 事 | L8: 特 | M8: 1 | N8: 1 | O8: 1 | P8: 1 | Q8: 1 | R8: 1 | S8: 1 | T8: 1 | U8: 1 | V8: 1 | W8: 1 | X8: 1 | Y8: 1 | Z8: 1 | AA8: 1 | AB8: 1 | AC8: 事 | AD8: 1
A9: 3 | B9: 21125 | C9: LOO YI QING | D9: 卢俞芹 | E9: P | F9: S3A | H9: 1 | I9: 1 | J9: 1 | K9: 1 | L9: 1 | M9: 1 | N9: 1 | O9: 1 | P9: 1 | Q9: 1 | R9: 1 | S9: 1 | T9: 1 | U9: 1 | V9: 1 | W9: 0 | X9: 1 | Y9: 1 | Z9: 1 | AA9: 1 | AB9: 1 | AC9: 1 | AD9: 1
A10: 4 | B10: 21215 | C10: CHIAH CHUAN HUA | D10: 谢传华 | E10: PH | F10: S3A | H10: 1 | I10: 1 | J10: 1 | K10: 1 | L10: 1 | M10: 1 | N10: 1 | O10: 1 | P10: 1 | Q10: 1 | R10: 1 | S10: 1 | T10: 1 | U10: 1 | V10: 1 | W10: 1 | X10: 1 | Y10: 1 | Z10: 1 | AA10: 1 | AB10: 1 | AC10: 1 | AD10: 1
A11: 5 | B11: 21065 | C11: CHUNG SE HUN | D11: 郑势勋 | E11: L | F11: S3B | H11: 1 | I11: 1 | J11: 1 | K11: 1 | L11: 1 | M11: 1 | N11: 1 | O11: 1 | P11: 1 | Q11: 1 | R11: 早退 | S11: 事 | T11: 1 | U11: 1 | V11: 1 | W11: 1 | X11: 1 | Y11: 早退 | Z11: 1 | AA11: 事 | AB11: 事 | AC11: 事 | AD11: 病
A12: 6 | B12: 21089 | C12: ENG NG SHUEN | D12: 余恩萱 | E12: PH | F12: S3B | H12: 1 | I12: 1 | J12: 1 | K12: 公 | L12: 1 | M12: 1 | N12: 1 | O12: 1 | P12: 1 | Q12: 早退 | R12: 1 | S12: 1 | T12: 1 | U12: 1 | V12: 1 | W12: 1 | X12: 1 | Y12: 1 | Z12: 1 | AA12: 1 | AB12: 1 | AC12: 早退 | AD12: 1
A13: 7 | B13: 21178 | C13: YEAP VICTOR | D13: 叶奕德 | E13: L | F13: S3B | H13: 1 | I13: 1 | J13: 1 | K13: 1 | L13: 1 | M13: 1 | N13: 1 | O13: 1 | P13: 1 | Q13: 1 | R13: 1 | S13: 1 | T13: 1 | U13: 1 | V13: 1 | W13: 1 | X13: 1 | Y13: 1 | Z13: 1 | AA13: 1 | AB13: 1 | AC13: 1 | AD13: 1
A14: 8 | B14: 21443 | C14: LEE KE XUAN | D14: 李珂萱 | E14: PH | F14: S3B | H14: 1 | I14: 1 | J14: 1 | K14: 病 | L14: 1 | M14: 1 | N14: 1 | O14: 1 | P14: 1 | Q14: 1 | R14: 1 | S14: 1 | T14: 1 | U14: 1 | V14: 1 | W14: 1 | X14: 1 | Y14: 1 | Z14: 1 | AA14: 1 | AB14: 1 | AC14: 1 | AD14: 1
A15: 9 | B15: 21046 | C15: LEE WEN XUAN | D15: 李汶轩 | E15: P | F15: C3A | H15: 1 | I15: 1 | J15: 1 | K15: 1 | L15: 1 | M15: 1 | N15: 1 | O15: 早退 | P15: 1 | Q15: 1 | R15: 1 | S15: 早退 | T15: 1 | U15: 1 | V15: 1 | W15: 1 | X15: 1 | Y15: 早退 | Z15: 1 | AA15: 1 | AB15: 1 | AC15: 1 | AD15: 早退
A16: 10 | B16: 21326 | C16: KANG XUANYI | D16: 江宣忆 | E16: PH | F16: C3A | H16: 1 | I16: 1 | J16: 1 | K16: 1 | L16: 1 | M16: 1 | N16: 1 | O16: 1 | P16: 1 | Q16: 1 | R16: 1 | S16: 1 | T16: 1 | U16: 1 | V16: 1 | W16: 1 | X16: 1 | Y16: 1 | Z16: 1 | AA16: 1 | AB16: 1 | AC16: 1 | AD16: 1
A17: 11 | B17: 21050 | C17: LAM ZI XUAN | D17: 林子譞 | E17: P | F17: C3B | H17: 1 | I17: 1 | J17: 1 | K17: 1 | L17: 1 | M17: 1 | N17: 1 | O17: 1 | P17: 1 | Q17: 1 | R17: 1 | S17: 1 | T17: 1 | U17: 1 | V17: 1 | W17: 1 | X17: 1 | Y17: 1 | Z17: 1 | AA17: 1 | AB17: 1 | AC17: 1 | AD17: 1
A18: 12 | B18: 21139 | C18: NG BOEY | D18: 黄宝怡 | E18: PH | F18: C3C | H18: 1 | I18: 1 | J18: 1 | K18: 1 | L18: 1 | M18: 1 | N18: 1 | O18: 1 | P18: 1 | Q18: 1 | R18: 1 | S18: 1 | T18: 1 | U18: 1 | V18: 1 | W18: 1 | X18: 1 | Y18: 1 | Z18: 1 | AA18: 1 | AB18: 1 | AC18: 1 | AD18: 1
A19: 13 | B19: 21162 | C19: YAP YONG ER | D19: 叶咏儿 | E19: P | F19: C3C | H19: 1 | I19: 1 | J19: 1 | K19: 病 | L19: 早退 | M19: 1 | N19: 1 | O19: 1 | P19: 1 | Q19: 1 | R19: 1 | S19: 1 | T19: 1 | U19: 1 | V19: 1 | W19: 1 | X19: 1 | Y19: 1 | Z19: 1 | AA19: 1 | AB19: 早退 | AC19: 1 | AD19: 1
A20: 14 | B20: 21211 | C20: GO YAN SHAN | D20: 伍雁珊 | E20: PH | F20: C3C | H20: 1 | I20: 1 | J20: 1 | K20: 1 | L20: 1 | M20: 1 | N20: 1 | O20: 1 | P20: 1 | Q20: 1 | R20: 1 | S20: 1 | T20: 1 | U20: 1 | V20: 1 | W20: 1 | X20: 1 | Y20: 1 | Z20: 1 | AA20: 1 | AB20: 1 | AC20: 1 | AD20: 1
A21: 15 | B21: 21250 | C21: CHIAH AYE QI | D21: 谢艾祺 | E21: PH | F21: C3D | H21: 1 | I21: 1 | J21: 1 | K21: 事 | L21: 1 | M21: 1 | N21: 1 | O21: 1 | P21: 1 | Q21: 1 | R21: 1 | S21: 1 | T21: 1 | U21: 1 | V21: 1 | W21: 1 | X21: 1 | Y21: 1 | Z21: 1 | AA21: 1 | AB21: 1 | AC21: 1 | AD21: 1
A22: 16 | B22: 21301 | C22: TANG YONG XIN | D22: 邓咏欣 | E22: P | F22: C3D | H22: 1 | I22: 1 | J22: 1 | K22: 1 | L22: 1 | M22: 1 | N22: 1 | O22: 1 | P22: 1 | Q22: 1 | R22: 1 | S22: 1 | T22: 1 | U22: 1 | V22: 1 | W22: 1 | X22: 1 | Y22: 1 | Z22: 1 | AA22: 1 | AB22: 1 | AC22: 1 | AD22: 1
A23: 17 | B23: 21310 | C23: LOW CHUN KAI | D23: 罗浚恺 | E23: L | F23: C3D | H23: 1 | I23: 1 | J23: 1 | K23: 1 | L23: 1 | M23: 1 | N23: 1 | O23: 1 | P23: 1 | Q23: 1 | R23: 1 | S23: 1 | T23: 1 | U23: 1 | V23: 1 | W23: 1 | X23: 1 | Y23: 1 | Z23: 1 | AA23: 1 | AB23: 1 | AC23: 1 | AD23: 1
A24: 18 | B24: 21481 | C24: YAAP ZEN ZE | D24: 叶政希 | E24: LH | F24: C3D | H24: 1 | I24: 1 | J24: 1 | K24: 1 | L24: 1 | M24: 1 | N24: 1 | O24: 1 | P24: 1 | Q24: 1 | R24: 1 | S24: 1 | T24: 1 | U24: 1 | V24: 1 | W24: 1 | X24: 1 | Y24: 公假 | Z24: 1 | AA24: 0 | AB24: 0 | AC24: 0 | AD24: 1
A25: 19 | B25: 21513 | C25: LOH XIN YU | D25: 罗心妤 | E25: PH | F25: C3D | H25: 1 | I25: 1 | J25: 1 | K25: 1 | L25: 1 | M25: 1 | N25: 1 | O25: 1 | P25: 1 | Q25: 1 | R25: 1 | S25: 1 | T25: 病 | U25: 1 | V25: 1 | W25: 1 | X25: 1 | Y25: 1 | Z25: 1 | AA25: 1 | AB25: 1 | AC25: 1 | AD25: L
A26: 20 | B26: 21185 | C26: TEH JIA XIN | D26: 郑家欣 | E26: PH | F26: C3E | H26: 1 | I26: 1 | J26: 1 | K26: 1 | L26: 1 | M26: 1 | N26: 1 | O26: 1 | P26: 1 | Q26: 1 | R26: 1 | S26: 1 | T26: 1 | U26: 1 | V26: 1 | W26: 1 | X26: 1 | Y26: 1 | Z26: 1 | AA26: 1 | AB26: 1 | AC26: 1 | AD26: L
A27: 21 | B27: 21469 | C27: JACLYN NG JIE LING | D27: 黄洁琳 | E27: P | F27: C3E | H27: 1 | I27: 1 | J27: 1 | K27: 1 | L27: 1 | M27: 1 | N27: 1 | O27: 1 | P27: 1 | Q27: 1 | R27: 1 | S27: 1 | T27: 早退 | U27: 1 | V27: 1 | W27: 1 | X27: 1 | Y27: 1 | Z27: 1 | AA27: 1 | AB27: 1 | AC27: 1 | AD27: 1
A28: 22 | B28: 21096 | C28: VENEZ TEE LER YAN | D28: 郑馨妍 | E28: PH | F28: C3F | H28: 1 | I28: 1 | J28: 1 | K28: 1 | L28: 1 | M28: 1 | N28: 1 | O28: 0 | P28: 1 | Q28: 1 | R28: 1 | S28: 1 | T28: 退学
A29: 23 | B29: 21368 | C29: CHUA KAI WEN | D29: 蔡凱玟 | E29: P | F29: C3F | H29: 1 | I29: 1 | J29: 1 | K29: 1 | L29: 1 | M29: 1 | N29: 1 | O29: 1 | P29: 1 | Q29: 1 | R29: 1 | S29: 1 | T29: 1 | U29: 1 | V29: 1 | W29: 1 | X29: 1 | Y29: 1 | Z29: 1 | AA29: 1 | AB29: 1 | AC29: 1 | AD29: 1
A30: 24 | B30: 21011 | C30: TAN XING YEE | D30: 陈星宇 | E30: LH | F30: A3A | H30: 1 | I30: 1 | J30: 1 | K30: 0 | L30: 1 | M30: 0 | N30: 0 | O30: 0 | P30: 0
A31: 25 | B31: 21306 | C31: WONG LIN SHAN | D31: 黄丽珊 | E31: PH | F31: A3A | H31: 1 | I31: 1 | J31: 1 | K31: 1 | L31: 1 | M31: 病 | N31: 1 | O31: 1 | P31: 1 | Q31: 1 | R31: 1 | S31: 1 | T31: 1 | U31: 1 | V31: 1 | W31: 1 | X31: 1 | Y31: 1 | Z31: 1 | AA31: 1 | AB31: 1 | AC31: 1 | AD31: 1
A32: 26 | B32: 21337 | C32: NG HILLEY | D32: 伍凱琍 | E32: P | F32: A3A | H32: 1 | I32: 1 | J32: 1 | K32: 1 | L32: 1 | M32: 1 | N32: 1 | O32: 1 | P32: 1 | Q32: 1 | R32: 0 | S32: 1 | T32: 1 | U32: 1 | V32: 1 | W32: 1 | X32: 1 | Y32: 1 | Z32: 1 | AA32: 1 | AB32: 1 | AC32: 1 | AD32: 1
A33: 27 | B33: 21444 | C33: JERRY EOH | D33: 姚捷利 | E33: L | F33: A3A | H33: 1 | I33: 1 | J33: 1 | K33: 1 | L33: 1 | M33: 1 | N33: 1 | O33: 1 | P33: 1 | Q33: 1 | R33: 1 | S33: 1 | T33: 1 | U33: 1 | V33: 1 | W33: 1 | X33: 1 | Y33: 1 | Z33: 1 | AA33: 1 | AB33: 1 | AC33: 1 | AD33: 1
A34: 28 | B34: 23540 | C34: KAM JIU YI | D34: 甘玖义 | E34: L | F34: A3A | H34: 1 | I34: 1 | J34: 1 | K34: 1 | L34: 1 | M34: 1 | N34: 1 | O34: 1 | P34: 1 | Q34: 0 | R34: 1 | S34: 1 | T34: 0 | U34: 1 | V34: 1 | W34: 1 | X34: 1 | Y34: 1 | Z34: 缺席 | AA34: 0 | AB34: 0 | AC34: 0 | AD34: 1
A35: 29 | B35: 24500 | C35: VOON LOK YEE | D35: 温乐怡 | E35: P | F35: A3A | H35: 1 | I35: 1 | J35: 1 | K35: 1 | L35: 1 | M35: 1 | N35: 1 | O35: 1 | P35: 1 | Q35: 1 | R35: 1 | S35: 1 | T35: 1 | U35: 1 | V35: 1 | W35: 1 | X35: 1 | Y35: 1 | Z35: 1 | AA35: 1 | AB35: 1 | AC35: 1 | AD35: 1

Sheet 高三美术 陈欣恩
A1: 科目： | C1: =#REF! -> #REF! | H1: 男 | J1: 女
A2: 时段: | C2: =#REF! -> #REF! | G2: 走/宿 | H2: L | I2: LH | J2: P | K2: PH | L2: 总计
A3: 地点： | C3: =#REF! -> #REF! | G3: 人数 | H3: =COUNTIF($E:$E,"L") -> 0 | I3: =COUNTIF($E:$E,"LH") -> 0 | J3: =COUNTIF($E:$E,"P") -> 0 | K3: =COUNTIF($E:$E,"PH") -> 0 | L3: =H4+J4 -> 0
A4: 老师： | C4: =#REF! -> #REF! | G4: 合计 | H4: =SUM(H3:I3) -> 0 | J4: =SUM(J3:K3) -> 0
H5: ⬇️ | I5: "Please start entering the class dates from cell H6."
A6: No. | B6: ADM. | C6: Name | D6: 姓名 | E6: 性别 | F6: 班级 | G6: 承诺书
A7: 1
A8: 2
A9: 3
A10: 4
A11: 5
A12: 6
A13: 7
A14: 8
A15: 9
A16: 10
A17: 11
A18: 12
... A46: 40

Sheet P. Islam ROHAYA
A1: 科目： | C1: P. Islam | H1: 男 | J1: 女
A2: 时段: | C2: ='选修课表清单'!E20 -> Monday / 15:40~16:15 & Tuesday / 16:15~17:25 | G2: 走/宿 | H2: L | I2: LH | J2: P | K2: PH | L2: 总计
A3: 地点： | C3: ='选修课表清单'!F20 -> A309 | G3: 人数 | H3: =COUNTIF($E:$E,"L") -> 4 | I3: =COUNTIF($E:$E,"LH") -> 1 | J3: =COUNTIF($E:$E,"P") -> 4 | K3: =COUNTIF($E:$E,"PH") -> 1 | L3: =H4+J4 -> 10
A4: 老师： | C4: ='选修课表清单'!C20 -> ROHAYA | G4: 合计 | H4: =SUM(H3:I3) -> 5 | J4: =SUM(J3:K3) -> 5
H5: ⬇️ | I5: "Please start entering the class dates from cell H6."
A6: No. | B6: ADM. | C6: Name | D6: 姓名 | E6: 性别 | F6: 班级 | G6: 承诺书 | H6: 12/1 | I6: 13/1 | J6: 15/1 | K6: 19/1 | L6: 20/1 | M6: 21/1 | N6: 26/1 | O6: 27/1 | P6: 29/1 | Q6: 2/2 | R6: 2/3 | S6: 2/5 | T6: 2/9 | U6: 2/10 | V6: 2/12 | W6: 16/2 | X6: 17/2 | Y6: 19/2 | Z6: 23/2 | AA6: 24/2 | AB6: 26/2 | AC6: 2/3 | AD6: 3/3 | AE6: 5/3 | AF6: 9/3 | AG6: 3/10 | AH6: 3/12 | AI6: 16/3 | AJ6: 17/3 | AK6: 19/3 | AL6: 23/3 | AM6: 24/3 | AN6: 26/3 | AO6: 30/3 | AP6: 31/3 | AQ6: 2/4 | AR6: 6/4 | AS6: 7/4 | AT6: 9/4 | AU6: 13/4 | AV6: 14/4 | AW6: 16/4 | AX6: 20/4 | AY6: 21/4 | AZ6: 23/4 | BA6: 27/4 | BB6: 28/4 | BC6: 30/4 | BD6: 4/5 | BE6: 5/5 | BF6: 7/5 | BG6: 11/5 | BH6: 12/5 | BI6: 8/6 | BJ6: 9/6 | BK6: 11/6 | BL6: 15/6 | BM6: 16/6 | BN6: 22/6 | BO6: 23/6 | BP6: 25/6 | BQ6: 29/6 | BR6: 30/6 | BS6: 2/7 | BT6: 7/7 | BU6: 9/7 | BV6: 13/7 | BW6: 14/7 | BX6: 16/7 | BY6: 20/7 | BZ6: 21/7 | CA6: 23/7 | CB6: 27/7 | CC6: 28/7 | CD6: 30/7 | CE6: 3/8 | CF6: 4/8 | CG6: 6/8 | CH6: 10/8 | CI6: 11/8 | CJ6: 13/8 | CK6: 17/8 | CL6: 18/8 | CM6: 20/8 | CN6: 24/8 | CO6: 25/8 | CP6: 27/8
A7: 1 | B7: 22413 | C7: MOHAMAD OBEE RICH LEE BIN ABDULLAH | D7: 欧币 | E7: LH | F7: S2B | J7: 1 | M7: 1 | P7: 1 | S7: 1 | T7: k | V7: 1 | AB7: 1 | AE7: 1 | AG7: e | AH7: e | AI7: e | AJ7: e | AK7: c | AL7: c | AM7: c | AN7: c | AQ7: 1 | AT7: 1 | AW7: 1 | AZ7: 1 | BC7: 1 | BF7: 1 | BK7: 1 | BP7: 1 | BS7: 1 | BT7: cuti ganti food fair | BU7: 1 | BW7: Official leave - meeting Pen Islam di SMK Puteri | BX7: 1 | CA7: trial SPM S2B | CD7: trial SPM S2B | CJ7: 1 | CM7: 1 | CP7: 1
A8: 2 | B8: 22285 | C8: DIANELLA NATASHA YIP BT AHMAD SHAHIBUDDIN | D8: 叶坦璇 | E8: P | F8: S2B | J8: 1 | M8: 1 | P8: 1 | S8: 1 | T8: h | V8: 0 | AB8: 1 | AE8: 1 | AG8: x | AH8: x | AI8: x | AJ8: x | AK8: u | AL8: u | AM8: u | AN8: u | AQ8: 1 | AT8: 1 | AW8: 1 | AZ8: 1 | BC8: 1 | BF8: 1 | BK8: 1 | BP8: 1 | BS8: 1 | BU8: 1 | BX8: 1 | CJ8: 1 | CM8: 1 | CP8: 1
A9: 3 | B9: 23360 | C9: DIANELLA ALYSSA YIP BT AHMAD SHAHIBUDDIN | D9: 叶娳颯 | E9: P | F9: C1B | I9: 1 | L9: 1 | O9: 1 | R9: 1 | T9: a | U9: 1 | AA9: 1 | AD9: 1 | AG9: a | AH9: a | AI9: a | AJ9: a | AK9: t | AL9: t | AM9: t | AN9: t | AP9: 1 | AS9: 1 | AV9: 1 | AY9: 1 | BB9: 1 | BE9: 1 | BH9: 1 | BJ9: 1 | BM9: 1 | BO9: 1 | BR9: 1 | BZ9: 1 | CC9: 1 | CF9: 1 | CI9: 1 | CL9: 1 | CO9: 1
A10: 4 | B10: 23551 | C10: MICHAEL ALAN CHONG BIN MOHAMAD FIRDAUS CHONG | D10: 张永龙 | E10: L | F10: C1F | I10: 1 | L10: 1 | O10: 1 | R10: 1 | T10: l | U10: 1 | AA10: 1 | AD10: 1 | AG10: m | AH10: m | AI10: m | AJ10: m | AK10: i | AL10: i | AM10: i | AN10: i | AP10: 1 | AS10: 1 | AV10: 1 | AY10: 1 | BB10: 1 | BE10: 1 | BH10: 1 | BJ10: 1 | BM10: 1 | BO10: 1 | BR10: 1 | BZ10: 1 | CC10: 1 | CF10: 1 | CI10: 1 | CL10: 1 | CO10: 1
A11: 5 | B11: 23494 | C11: RAYYAN LIM | D11: 林礼安 | E11: L | F11: C1D | I11: 1 | L11: 1 | O11: 1 | Q11: c | R11: 1 | T11: i | U11: 1 | W11: C | X11: C | Y11: C | AA11: 1 | AD11: 1 | AP11: 1 | AS11: 1 | AV11: 1 | AY11: 1 | BB11: 1 | BE11: 1 | BH11: 1 | BJ11: 1 | BM11: 1 | BO11: 1 | BR11: 1 | BZ11: 1 | CC11: 1 | CF11: 1 | CI11: 1 | CL11: 1 | CO11: 1
A12: 6 | B12: 24482 | C12: ADAM CHANG KAH LIP | D12: 郑家立 | E12: L | F12: J3H | H12: 1 | K12: 1 | N12: 1 | Q12: u | T12: g | W12: N | X12: N | Y12: N | Z12: 1 | AC12: 1 | AF12: 1 | AO12: 1 | AR12: 1 | AU12: 1 | AX12: 1 | BA12: 1 | BD12: 1 | BG12: 1 | BI12: 1 | BL12: 1 | BN12: 1 | BQ12: 1 | BV12: 1 | BY12: 1 | CB12: 1 | CE12: 1 | CH12: 1 | CK12: 1 | CN12: 1
A13: 7 | B13: 25578 | C13: NUR HIBATULLAH BINTI HISHAMUDDIN | D13: 陈彦宁 | E13: P | F13: J2E | H13: 1 | K13: 1 | N13: 1 | Q13: t | T13: r | W13: Y | X13: Y | Y13: Y | Z13: 1 | AC13: 1 | AF13: 1 | AO13: 1 | AR13: 1 | AU13: 1 | AX13: 1 | BA13: 1 | BD13: 1 | BG13: 1 | BI13: 1 | BL13: 1 | BN13: 1 | BQ13: 1 | BV13: 1 | BY13: 1 | CB13: 1 | CE13: 1 | CH13: 1 | CK13: 1 | CN13: 1
A14: 8 | B14: 25355 | C14: ADRIENNEE CHONG BINTI MOHD FIRDAUS CHONG | D14: 张美爱 | E14: P | F14: J2E | H14: 1 | K14: 1 | N14: 1 | Q14: i | T14: a | Z14: 1 | AC14: 1 | AF14: 1 | AO14: 0 | AR14: 1 | AU14: 1 | AX14: 1 | BA14: 1 | BD14: 1 | BG14: 1 | BI14: 1 | BL14: 1 | BN14: 1 | BQ14: 1 | BV14: 1 | BY14: 1 | CB14: 1 | CE14: 1 | CH14: 1 | CK14: 1 | CN14: 1
A15: 9 | B15: 26295 | C15: AEDAM ERIC CHONG YONG CHING BIN MOHAMAD FIRDAUS CHONG | D15: 张永金 | E15: L | F15: J1G | H15: 1 | K15: 1 | N15: 1 | T15: f | Z15: 1 | AC15: 1 | AF15: 1 | AO15: 0 | AR15: 1 | AU15: 1 | AX15: 1 | BA15: 1 | BD15: 1 | BG15: 1 | BI15: 1 | BL15: 1 | BN15: 1 | BQ15: 1 | BV15: 1 | BY15: 1 | CB15: 1 | CE15: 1 | CH15: 1 | CK15: 1 | CN15: 1
A16: 10 | B16: 26247 | C16: AMY NURAKILA BINTI MAD RAHMAT | D16: 艾丽 | E16: PH | F16: J1H | H16: 0 | K16: 1 | N16: 1 | T16: i | Z16: 1 | AC16: 1 | AF16: 1 | AO16: 1 | AR16: 1 | AU16: 1 | AX16: 1 | BA16: 1 | BD16: 0 | BG16: 1 | BI16: 1 | BL16: 1 | BN16: 1 | BQ16: 1 | BV16: 1 | BY16: 1 | CB16: 1 | CE16: 1 | CH16: 1 | CK16: 1 | CN16: 1
A17: 11
A18: 12
A19: 13
A20: 14
A21: 15
A22: 16
A23: 17
A24: 18
A25: 19
A26: 20
A27: 21
A28: 22
... A46: 40
